location,date,Alpha,Beta,Delta,Gamma,others
Angola,2021-04-05,0.23357664233576642,0.46715328467153283,0.0,0.0072992700729927005,0.20437956204379562
Angola,2021-04-19,0.25301204819277107,0.37349397590361444,0.024096385542168676,0.0,0.3132530120481928
Angola,2021-05-03,0.3235294117647059,0.5,0.029411764705882353,0.0,0.14705882352941177
Angola,2021-05-17,0.0,0.0,0.8,0.0,0.2
Angola,2021-05-31,1.0,0.0,0.0,0.0,0.0
Angola,2021-06-14,0.7727272727272727,0.22727272727272727,0.0,0.0,0.0
Angola,2021-06-28,0.5084745762711864,0.3050847457627119,0.1694915254237288,0.0,0.01694915254237288
Angola,2021-07-12,0.1956521739130435,0.2608695652173913,0.5,0.0,0.043478260869565216
Angola,2021-07-26,0.2,0.1,0.6,0.0,0.1
Angola,2021-08-09,0.0,0.25,0.75,0.0,0.0
Argentina,2021-04-05,0.16326530612244897,0.0,0.0,0.22959183673469388,0.413265306122449
Argentina,2021-04-19,0.12751677852348994,0.0,0.0,0.2953020134228188,0.40268456375838924
Argentina,2021-05-03,0.12759643916913946,0.002967359050445104,0.002967359050445104,0.42136498516320475,0.21068249258160238
Argentina,2021-05-17,0.12130177514792899,0.0,0.0,0.5562130177514792,0.11834319526627218
Argentina,2021-05-31,0.10631229235880399,0.0,0.0,0.6079734219269103,0.03986710963455149
Argentina,2021-06-14,0.085995085995086,0.0,0.002457002457002457,0.6584766584766585,0.02702702702702703
Argentina,2021-06-28,0.09210526315789473,0.0,0.005263157894736842,0.6736842105263158,0.018421052631578946
Argentina,2021-07-12,0.042134831460674156,0.0,0.05337078651685393,0.7359550561797753,0.0028089887640449437
Argentina,2021-07-26,0.041666666666666664,0.0,0.13095238095238096,0.5714285714285714,0.011904761904761904
Argentina,2021-08-09,0.027083333333333334,0.0,0.17916666666666667,0.5895833333333333,0.00625
Aruba,2021-04-05,0.8043478260869565,0.0,0.0,0.0,0.021739130434782608
Aruba,2021-04-19,0.6620689655172414,0.013793103448275862,0.09655172413793103,0.06206896551724138,0.06206896551724138
Aruba,2021-05-03,0.6142857142857143,0.0,0.014285714285714285,0.1,0.05
Aruba,2021-05-17,0.5346534653465347,0.0,0.09900990099009901,0.1188118811881188,0.019801980198019802
Aruba,2021-05-31,0.48598130841121495,0.0,0.0,0.2336448598130841,0.009345794392523364
Aruba,2021-06-14,0.056179775280898875,0.0,0.0449438202247191,0.39325842696629215,0.0
Aruba,2021-06-28,0.125,0.0,0.0,0.7916666666666666,0.0
Aruba,2021-07-12,0.06896551724137931,0.0,0.4482758620689655,0.13793103448275862,0.0
Aruba,2021-07-26,0.010309278350515464,0.0,0.865979381443299,0.020618556701030927,0.0
Aruba,2021-08-09,0.0,0.0,0.9824046920821115,0.0,0.0
Australia,2021-04-05,0.5447154471544715,0.07317073170731707,0.024390243902439025,0.016260162601626018,0.3089430894308943
Australia,2021-04-19,0.46496815286624205,0.12738853503184713,0.21656050955414013,0.012738853503184714,0.044585987261146494
Australia,2021-05-03,0.3088235294117647,0.0392156862745098,0.4117647058823529,0.00980392156862745,0.11764705882352941
Australia,2021-05-17,0.4188034188034188,0.02564102564102564,0.38461538461538464,0.0,0.11965811965811966
Australia,2021-05-31,0.12037037037037036,0.037037037037037035,0.17592592592592593,0.0,0.05555555555555555
Australia,2021-06-14,0.16666666666666666,0.05303030303030303,0.4166666666666667,0.0,0.06818181818181818
Australia,2021-06-28,0.07692307692307693,0.012145748987854251,0.8461538461538461,0.0,0.02834008097165992
Australia,2021-07-12,0.03389830508474576,0.00651890482398957,0.954367666232073,0.0,0.005215123859191656
Australia,2021-07-26,0.003444316877152698,0.0,0.9965556831228473,0.0,0.0
Australia,2021-08-09,0.0010972933430870519,0.0,0.9989027066569129,0.0,0.0
Austria,2021-04-05,0.9278350515463918,0.013745704467353952,0.0,0.0,0.030927835051546393
Austria,2021-04-19,0.8753541076487252,0.0339943342776204,0.0056657223796034,0.0028328611898017,0.0453257790368272
Austria,2021-05-03,0.8814589665653495,0.0060790273556231,0.015197568389057751,0.0,0.06382978723404255
Austria,2021-05-17,0.8804523424878837,0.0016155088852988692,0.004846526655896607,0.009693053311793215,0.05492730210016155
Austria,2021-05-31,0.8277634961439588,0.007712082262210797,0.028277634961439587,0.028277634961439587,0.05398457583547558
Austria,2021-06-14,0.47738693467336685,0.010050251256281407,0.4296482412060301,0.02512562814070352,0.052763819095477386
Austria,2021-06-28,0.38533333333333336,0.0013333333333333333,0.5906666666666667,0.0026666666666666666,0.02
Austria,2021-07-12,0.10891089108910891,0.0,0.8831683168316832,0.0019801980198019802,0.0019801980198019802
Austria,2021-07-26,0.010376134889753566,0.0,0.9896238651102465,0.0,0.0
Austria,2021-08-09,0.004815409309791332,0.0016051364365971107,0.9887640449438202,0.0032102728731942215,0.0
Bahrain,2021-04-05,0.5,0.5,0.0,0.0,0.0
Bahrain,2021-04-19,0.11904761904761904,0.14285714285714285,0.35714285714285715,0.0,0.19047619047619047
Bahrain,2021-05-03,0.6666666666666666,0.3333333333333333,0.0,0.0,0.0
Bahrain,2021-05-17,0.45614035087719296,0.0,0.5087719298245614,0.0,0.03508771929824561
Bahrain,2021-05-31,0.10869565217391304,0.0,0.8478260869565217,0.0,0.043478260869565216
Bahrain,2021-06-14,0.16666666666666666,0.041666666666666664,0.75,0.0,0.041666666666666664
Bahrain,2021-06-28,0.011904761904761904,0.011904761904761904,0.9761904761904762,0.0,0.0
Bahrain,2021-07-12,0.057971014492753624,0.0,0.9420289855072463,0.0,0.0
Bahrain,2021-07-26,0.009433962264150943,0.0,0.9716981132075472,0.009433962264150943,0.009433962264150943
Bahrain,2021-08-09,0.020833333333333332,0.0,0.9583333333333334,0.0,0.020833333333333332
Bangladesh,2021-04-05,0.20689655172413793,0.6781609195402298,0.0,0.0,0.10344827586206896
Bangladesh,2021-04-19,0.03816793893129771,0.8702290076335878,0.0,0.0,0.05343511450381679
Bangladesh,2021-05-03,0.10714285714285714,0.6071428571428571,0.19642857142857142,0.0,0.07142857142857142
Bangladesh,2021-05-17,0.05172413793103448,0.46551724137931033,0.39655172413793105,0.0,0.08620689655172414
Bangladesh,2021-05-31,0.020202020202020204,0.46464646464646464,0.40404040404040403,0.0,0.09090909090909091
Bangladesh,2021-06-14,0.043478260869565216,0.2463768115942029,0.6376811594202898,0.0,0.07246376811594203
Bangladesh,2021-06-28,0.0,0.017857142857142856,0.9464285714285714,0.0,0.03571428571428571
Bangladesh,2021-07-12,0.004098360655737705,0.00819672131147541,0.9795081967213115,0.0,0.00819672131147541
Bangladesh,2021-07-26,0.0,0.005747126436781609,0.9942528735632183,0.0,0.0
Bangladesh,2021-08-09,0.0,0.0,1.0,0.0,0.0
Belgium,2021-04-05,0.8205351948807447,0.03519488074461896,0.0,0.06282722513089005,0.059336823734729496
Belgium,2021-04-19,0.8223978014428032,0.02198557196839574,0.003091721058055651,0.09653040192373755,0.047406389556853314
Belgium,2021-05-03,0.8085680047932894,0.018573996405032954,0.029358897543439184,0.08148591971240264,0.052726183343319355
Belgium,2021-05-17,0.806949806949807,0.021557271557271558,0.03153153153153153,0.10102960102960103,0.0341055341055341
Belgium,2021-05-31,0.7987804878048781,0.007452574525745257,0.06402439024390244,0.09925474254742547,0.027777777777777776
Belgium,2021-06-14,0.7358395989974937,0.009523809523809525,0.13082706766917293,0.10325814536340852,0.012030075187969926
Belgium,2021-06-28,0.5198983911939035,0.0059271803556308214,0.40643522438611346,0.04741744284504657,0.013547840812870448
Belgium,2021-07-12,0.17083333333333334,0.001893939393939394,0.7916666666666666,0.02234848484848485,0.009848484848484848
Belgium,2021-07-26,0.04292929292929293,0.002777777777777778,0.9297979797979798,0.014646464646464647,0.00202020202020202
Belgium,2021-08-09,0.009735396904643036,0.0004992511233150275,0.9847728407388917,0.0027458811782326512,0.0004992511233150275
Belize,2021-04-19,0.3333333333333333,0.0,0.6666666666666666,0.0,0.0
Belize,2021-05-03,0.0,0.0,0.0,0.0,1.0
Belize,2021-05-17,0.13333333333333333,0.0,0.4666666666666667,0.06666666666666667,0.26666666666666666
Belize,2021-05-31,0.6666666666666666,0.0,0.0,0.0,0.3333333333333333
Belize,2021-06-14,1.0,0.0,0.0,0.0,0.0
Belize,2021-06-28,0.4375,0.0,0.15625,0.09375,0.3125
Belize,2021-07-12,0.2222222222222222,0.0,0.4444444444444444,0.16666666666666666,0.16666666666666666
Belize,2021-07-26,0.017241379310344827,0.0,0.4827586206896552,0.13793103448275862,0.3620689655172414
Belize,2021-08-09,0.015873015873015872,0.0,0.5238095238095238,0.09523809523809523,0.36507936507936506
Benin,2021-04-05,0.07954545454545454,0.017045454545454544,0.0,0.0,0.4431818181818182
Benin,2021-04-19,0.0,0.0,0.0,0.0,0.75
Benin,2021-05-03,0.08,0.0,0.0,0.0,0.76
Benin,2021-05-17,0.09375,0.0,0.0,0.0,0.78125
Benin,2021-05-31,0.037037037037037035,0.037037037037037035,0.037037037037037035,0.0,0.7407407407407407
Benin,2021-06-14,0.1111111111111111,0.0,0.1111111111111111,0.0,0.7777777777777778
Benin,2021-06-28,0.0,0.0,0.35714285714285715,0.0,0.6428571428571429
Benin,2021-07-12,0.0,0.0,0.5714285714285714,0.0,0.42857142857142855
Benin,2021-07-26,0.0,0.0,0.7222222222222222,0.0,0.2777777777777778
Benin,2021-08-09,0.0,0.0,0.9705882352941176,0.0,0.029411764705882353
Bosnia and Herzegovina,2021-04-05,1.0,0.0,0.0,0.0,0.0
Bosnia and Herzegovina,2021-04-19,1.0,0.0,0.0,0.0,0.0
Bosnia and Herzegovina,2021-05-17,1.0,0.0,0.0,0.0,0.0
Bosnia and Herzegovina,2021-05-31,1.0,0.0,0.0,0.0,0.0
Bosnia and Herzegovina,2021-06-14,0.782608695652174,0.0,0.043478260869565216,0.0,0.17391304347826086
Bosnia and Herzegovina,2021-06-28,0.4375,0.0,0.5,0.0,0.0625
Bosnia and Herzegovina,2021-07-12,0.047619047619047616,0.0,0.8095238095238095,0.14285714285714285,0.0
Bosnia and Herzegovina,2021-07-26,0.0,0.0,1.0,0.0,0.0
Bosnia and Herzegovina,2021-08-09,0.0,0.0,1.0,0.0,0.0
Botswana,2021-04-05,0.0,0.42857142857142855,0.0,0.0,0.5714285714285714
Botswana,2021-05-03,0.0,0.5714285714285714,0.2857142857142857,0.0,0.14285714285714285
Botswana,2021-05-17,0.0,0.5789473684210527,0.3157894736842105,0.0,0.10526315789473684
Botswana,2021-05-31,0.0,0.9375,0.041666666666666664,0.0,0.020833333333333332
Botswana,2021-06-14,0.0,0.7352941176470589,0.13725490196078433,0.0,0.12745098039215685
Botswana,2021-06-28,0.0,0.23469387755102042,0.6836734693877551,0.0,0.08163265306122448
Botswana,2021-07-12,0.0,0.09433962264150944,0.8207547169811321,0.0,0.08490566037735849
Botswana,2021-07-26,0.0,0.029411764705882353,0.9705882352941176,0.0,0.0
Botswana,2021-08-09,0.0,0.02631578947368421,0.9473684210526315,0.0,0.02631578947368421
Brazil,2021-04-05,0.05398641401501609,0.0,0.0003575259206292456,0.8752234537003932,0.07043260636396138
Brazil,2021-04-19,0.03640200474808757,0.0007913479293062516,0.0007913479293062516,0.9240305987865999,0.03798470060670008
Brazil,2021-05-03,0.023396424815983176,0.0,0.0015772870662460567,0.954521556256572,0.02050473186119874
Brazil,2021-05-17,0.021250384970742223,0.0,0.0024638127502309825,0.9639667385278718,0.012319063751154912
Brazil,2021-05-31,0.023446942228668118,0.0,0.0009668842156151801,0.9593908629441624,0.014503263234227702
Brazil,2021-06-14,0.015133647798742138,0.0,0.0023584905660377358,0.9697327044025157,0.011595911949685534
Brazil,2021-06-28,0.017465293327362293,0.0,0.01052395879982087,0.9646215853112405,0.006493506493506494
Brazil,2021-07-12,0.009012256669069935,0.0,0.053172314347512614,0.9327685652487383,0.00414563806777217
Brazil,2021-07-26,0.00594685002787586,0.0,0.10853001300873444,0.8805054822523695,0.004088459394164653
Brazil,2021-08-09,0.0023001725129384704,0.0,0.28886333141652293,0.7044278320874066,0.0034502587694077054
Brunei,2021-07-26,0.0,0.0,1.0,0.0,0.0
Bulgaria,2021-04-05,0.9910233393177738,0.0,0.0,0.0,0.005385996409335727
Bulgaria,2021-04-19,0.9973045822102425,0.0,0.0026954177897574125,0.0,0.0
Bulgaria,2021-05-03,1.0,0.0,0.0,0.0,0.0
Bulgaria,2021-05-17,1.0,0.0,0.0,0.0,0.0
Bulgaria,2021-05-31,1.0,0.0,0.0,0.0,0.0
Bulgaria,2021-06-14,0.8932038834951457,0.009708737864077669,0.06796116504854369,0.0,0.009708737864077669
Bulgaria,2021-06-28,0.56,0.008,0.408,0.0,0.024
Bulgaria,2021-07-12,0.3693181818181818,0.005681818181818182,0.6136363636363636,0.0,0.011363636363636364
Bulgaria,2021-07-26,0.04184100418410042,0.0,0.9539748953974896,0.0,0.0041841004184100415
Bulgaria,2021-08-09,0.01417004048582996,0.0,0.9817813765182186,0.0,0.004048582995951417
Cambodia,2021-04-05,0.3333333333333333,0.0,0.0,0.0,0.6666666666666666
Cambodia,2021-04-19,0.9230769230769231,0.0,0.0,0.0,0.07692307692307693
Cambodia,2021-05-03,1.0,0.0,0.0,0.0,0.0
Cambodia,2021-05-17,1.0,0.0,0.0,0.0,0.0
Cambodia,2021-05-31,0.8985507246376812,0.0,0.043478260869565216,0.0,0.057971014492753624
Cambodia,2021-06-14,0.7631578947368421,0.013157894736842105,0.15789473684210525,0.0,0.06578947368421052
Cambodia,2021-06-28,0.7127659574468085,0.0,0.2872340425531915,0.0,0.0
Cambodia,2021-07-12,0.6049382716049383,0.0,0.3950617283950617,0.0,0.0
Cambodia,2021-07-26,0.5785123966942148,0.0,0.4214876033057851,0.0,0.0
Cambodia,2021-08-09,0.4942528735632184,0.0,0.5057471264367817,0.0,0.0
Cameroon,2021-04-19,0.2857142857142857,0.0,0.0,0.0,0.5714285714285714
Cameroon,2021-08-09,0.0,0.0,0.6666666666666666,0.0,0.3333333333333333
Canada,2021-04-05,0.45925548189699134,0.009790922998470168,0.00030596634370219276,0.1988781234064253,0.23120856705762366
Canada,2021-04-19,0.4736249296039046,0.015393279519429322,0.005725549089543833,0.23690632626243666,0.18715975220574432
Canada,2021-05-03,0.5569689260403416,0.013901508268217335,0.017354170452480465,0.23423587134290388,0.12811193894239506
Canada,2021-05-17,0.5905172413793104,0.0050093196644920785,0.05533550792171482,0.2402143522833178,0.07269338303821063
Canada,2021-05-31,0.5651435366060812,0.004586376762357737,0.10073042296585698,0.26040428061831156,0.040767793443179885
Canada,2021-06-14,0.537841043890866,0.007829181494661922,0.15705812574139977,0.23084223013048635,0.04009489916963226
Canada,2021-06-28,0.4870689655172414,0.007004310344827586,0.2739762931034483,0.1398168103448276,0.052801724137931036
Canada,2021-07-12,0.302734375,0.009114583333333334,0.4973958333333333,0.16927083333333334,0.009765625
Canada,2021-07-26,0.13651181744091279,0.002037489812550937,0.778321108394458,0.06927465362673187,0.0069274653626731865
Canada,2021-08-09,0.04889455782312925,0.0001417233560090703,0.9295634920634921,0.015022675736961451,0.0055272108843537416
Chile,2021-04-05,0.08270676691729323,0.0,0.0,0.30451127819548873,0.24060150375939848
Chile,2021-04-19,0.06128133704735376,0.005571030640668524,0.0,0.37604456824512533,0.14484679665738162
Chile,2021-05-03,0.035398230088495575,0.0,0.0,0.45132743362831856,0.21061946902654868
Chile,2021-05-17,0.04,0.0,0.0,0.512,0.0784
Chile,2021-05-31,0.034482758620689655,0.0022988505747126436,0.0,0.6252873563218391,0.03218390804597701
Chile,2021-06-14,0.020766773162939296,0.0,0.001597444089456869,0.6693290734824281,0.05591054313099041
Chile,2021-06-28,0.08066759388038942,0.0013908205841446453,0.0027816411682892906,0.6662030598052852,0.02364394993045897
Chile,2021-07-12,0.019630484988452657,0.0,0.020785219399538105,0.707852193995381,0.023094688221709007
Chile,2021-07-26,0.01232394366197183,0.0,0.06338028169014084,0.6690140845070423,0.022887323943661973
Chile,2021-08-09,0.025348542458808618,0.0,0.09632446134347275,0.5931558935361216,0.020278833967046894
Colombia,2021-04-05,0.11875,0.0,0.0,0.16875,0.26875
Colombia,2021-04-19,0.099626400996264,0.0,0.0,0.29389788293897884,0.21544209215442092
Colombia,2021-05-03,0.03935185185185185,0.0,0.0,0.2847222222222222,0.1712962962962963
Colombia,2021-05-17,0.024,0.0,0.0026666666666666666,0.26666666666666666,0.12533333333333332
Colombia,2021-05-31,0.020618556701030927,0.0,0.005154639175257732,0.27835051546391754,0.06701030927835051
Colombia,2021-06-14,0.0,0.0,0.007067137809187279,0.12367491166077739,0.053003533568904596
Colombia,2021-06-28,0.0,0.0,0.013392857142857142,0.15625,0.017857142857142856
Colombia,2021-07-12,0.0021645021645021645,0.0,0.02813852813852814,0.0735930735930736,0.015151515151515152
Colombia,2021-07-26,0.0,0.0,0.06304347826086956,0.06521739130434782,0.01847826086956522
Colombia,2021-08-09,0.0025806451612903226,0.0,0.12258064516129032,0.05419354838709677,0.015483870967741935
Costa Rica,2021-04-05,0.3275862068965517,0.08620689655172414,0.0,0.06896551724137931,0.4482758620689655
Costa Rica,2021-04-19,0.3380281690140845,0.014084507042253521,0.0,0.18309859154929578,0.38028169014084506
Costa Rica,2021-05-03,0.5263157894736842,0.0,0.0,0.17543859649122806,0.2631578947368421
Costa Rica,2021-05-17,0.6363636363636364,0.030303030303030304,0.0,0.06060606060606061,0.24242424242424243
Costa Rica,2021-05-31,0.46808510638297873,0.0,0.0,0.23404255319148937,0.2127659574468085
Costa Rica,2021-06-14,0.24242424242424243,0.0,0.030303030303030304,0.5454545454545454,0.18181818181818182
Costa Rica,2021-06-28,0.16071428571428573,0.0,0.125,0.32142857142857145,0.125
Costa Rica,2021-07-12,0.09523809523809523,0.011904761904761904,0.23809523809523808,0.21428571428571427,0.20238095238095238
Costa Rica,2021-07-26,0.10227272727272728,0.0,0.5227272727272727,0.11363636363636363,0.07954545454545454
Costa Rica,2021-08-09,0.043478260869565216,0.0,0.5362318840579711,0.2753623188405797,0.007246376811594203
Croatia,2021-04-05,0.9559412550066756,0.0013351134846461949,0.0,0.0,0.00801068090787717
Croatia,2021-04-19,0.9466666666666667,0.0026666666666666666,0.0,0.0026666666666666666,0.013333333333333334
Croatia,2021-05-03,0.8625954198473282,0.03307888040712468,0.003816793893129771,0.001272264631043257,0.02544529262086514
Croatia,2021-05-17,0.9906103286384976,0.0,0.0,0.0,0.003129890453834116
Croatia,2021-05-31,0.9594594594594594,0.0,0.02702702702702703,0.0,0.013513513513513514
Croatia,2021-06-14,0.7620578778135049,0.0,0.2282958199356913,0.006430868167202572,0.003215434083601286
Croatia,2021-06-28,0.37037037037037035,0.0,0.6172839506172839,0.0,0.006172839506172839
Croatia,2021-07-12,0.11382113821138211,0.0,0.8726287262872628,0.005420054200542005,0.008130081300813009
Croatia,2021-07-26,0.044226044226044224,0.0,0.9508599508599509,0.0,0.0
Croatia,2021-08-09,0.015655577299412915,0.0,0.9823874755381604,0.0019569471624266144,0.0
Curacao,2021-04-05,0.9649122807017544,0.0,0.0,0.0,0.017543859649122806
Curacao,2021-04-19,0.9836065573770492,0.0,0.0,0.0,0.01639344262295082
Curacao,2021-05-03,0.8666666666666667,0.0,0.0,0.044444444444444446,0.022222222222222223
Curacao,2021-05-17,0.76,0.0,0.0,0.0,0.0
Curacao,2021-05-31,0.5,0.0,0.0,0.4,0.0
Curacao,2021-06-14,0.0,0.0,0.0,0.0,0.0
Curacao,2021-06-28,0.375,0.0,0.0,0.375,0.0
Curacao,2021-07-12,0.07894736842105263,0.0,0.8421052631578947,0.05263157894736842,0.0
Curacao,2021-07-26,0.014925373134328358,0.0,0.9552238805970149,0.0,0.0
Curacao,2021-08-09,0.0,0.0,0.9838709677419355,0.0,0.0
Czechia,2021-04-05,0.9385026737967914,0.008021390374331552,0.00267379679144385,0.0,0.008021390374331552
Czechia,2021-04-19,0.9448818897637795,0.0031496062992125984,0.0,0.0,0.01732283464566929
Czechia,2021-05-03,0.9307692307692308,0.023076923076923078,0.016666666666666666,0.0038461538461538464,0.015384615384615385
Czechia,2021-05-17,0.9032258064516129,0.016129032258064516,0.04121863799283154,0.008960573476702509,0.025089605734767026
Czechia,2021-05-31,0.8072727272727273,0.01090909090909091,0.13090909090909092,0.014545454545454545,0.03272727272727273
Czechia,2021-06-14,0.8324742268041238,0.005154639175257732,0.12371134020618557,0.01288659793814433,0.01804123711340206
Czechia,2021-06-28,0.5458715596330275,0.0,0.4036697247706422,0.013761467889908258,0.03669724770642202
Czechia,2021-07-12,0.10379241516966067,0.001996007984031936,0.8582834331337326,0.0,0.03592814371257485
Czechia,2021-07-26,0.011385199240986717,0.0018975332068311196,0.9810246679316889,0.0,0.0056925996204933585
Czechia,2021-08-09,0.00530035335689046,0.0017667844522968198,0.9876325088339223,0.0,0.0035335689045936395
Denmark,2021-04-05,0.937578201028778,0.0029195050743778673,0.0004170721534825525,0.0005560962046434033,0.02891700264145697
Denmark,2021-04-19,0.9611691612538831,0.0035300762496469924,0.0008472182999152782,0.0,0.007060152499293985
Denmark,2021-05-03,0.9608021877848678,0.0019533793462690454,0.003906758692538091,0.0010418023180101576,0.0035160828232842817
Denmark,2021-05-17,0.9678273264100998,0.0006108735491753207,0.004377927102423132,0.00020362451639177357,0.0015271838729383018
Denmark,2021-05-31,0.9925105485232067,0.0004219409282700422,0.002953586497890295,0.0016877637130801688,0.00031645569620253165
Denmark,2021-06-14,0.9806188371302278,0.00034002040122407346,0.016490989459367562,0.0010200612036722204,0.0010200612036722204
Denmark,2021-06-28,0.7889374090247453,0.0009704027171276079,0.20281416787967008,0.0048520135856380394,0.0024260067928190197
Denmark,2021-07-12,0.2062841530054645,0.00195160031225605,0.7884465261514442,0.001366120218579235,0.00078064012490242
Denmark,2021-07-26,0.04146745126884884,0.00018389113644722325,0.9572453107760206,0.0002758367046708349,0.0003677822728944465
Denmark,2021-08-09,0.008335623339745352,0.0,0.9906567738389668,9.160025648071815e-05,0.0007328020518457452
Djibouti,2021-04-05,0.046875,0.921875,0.0,0.0,0.03125
Djibouti,2021-04-19,0.05405405405405406,0.918918918918919,0.0,0.0,0.02702702702702703
Djibouti,2021-05-03,0.08695652173913043,0.9130434782608695,0.0,0.0,0.0
Djibouti,2021-05-17,0.2,0.8,0.0,0.0,0.0
Djibouti,2021-05-31,0.0,0.0,0.0,0.0,0.0
Djibouti,2021-07-12,0.0,0.0,1.0,0.0,0.0
Djibouti,2021-08-09,0.0,0.0,1.0,0.0,0.0
Dominican Republic,2021-04-05,0.23076923076923078,0.0,0.0,0.07692307692307693,0.23076923076923078
Dominican Republic,2021-04-19,0.11764705882352941,0.0,0.0,0.35294117647058826,0.47058823529411764
Dominican Republic,2021-05-03,0.0,0.0,0.0,0.0,0.0
Dominican Republic,2021-05-17,0.04597701149425287,0.0,0.0,0.19540229885057472,0.3563218390804598
Dominican Republic,2021-05-31,0.04950495049504951,0.0,0.0297029702970297,0.24752475247524752,0.18811881188118812
Dominican Republic,2021-06-14,0.0,0.0,0.0,0.15789473684210525,0.21052631578947367
Dominican Republic,2021-06-28,0.0,0.0,0.0,0.0,0.15384615384615385
Dominican Republic,2021-07-12,0.0,0.0,0.1,0.0,0.1
Dominican Republic,2021-07-26,0.0,0.0,0.0,0.0,0.2
Dominican Republic,2021-08-09,0.0,0.0,0.10344827586206896,0.06896551724137931,0.2413793103448276
Ecuador,2021-04-05,0.17391304347826086,0.0,0.0,0.21739130434782608,0.30434782608695654
Ecuador,2021-04-19,0.22807017543859648,0.0,0.0,0.10526315789473684,0.2631578947368421
Ecuador,2021-05-03,0.3230769230769231,0.0,0.0,0.07692307692307693,0.27692307692307694
Ecuador,2021-05-17,0.26618705035971224,0.0,0.0,0.02877697841726619,0.17985611510791366
Ecuador,2021-05-31,0.18627450980392157,0.0,0.0,0.058823529411764705,0.24509803921568626
Ecuador,2021-06-14,0.15568862275449102,0.0,0.0,0.11976047904191617,0.16167664670658682
Ecuador,2021-06-28,0.14482758620689656,0.0,0.041379310344827586,0.12413793103448276,0.08275862068965517
Ecuador,2021-07-12,0.05737704918032787,0.0,0.04918032786885246,0.22404371584699453,0.05737704918032787
Ecuador,2021-07-26,0.10442477876106195,0.0,0.15398230088495576,0.15221238938053097,0.049557522123893805
Ecuador,2021-08-09,0.0603448275862069,0.0,0.3017241379310345,0.14655172413793102,0.09482758620689655
Egypt,2021-04-05,0.13513513513513514,0.0,0.0,0.0,0.8648648648648649
Egypt,2021-04-19,0.1,0.0,0.0,0.0,0.9
Egypt,2021-05-03,0.0898876404494382,0.0,0.0,0.0,0.9101123595505618
Egypt,2021-05-17,0.07142857142857142,0.0,0.0,0.0,0.9285714285714286
Egypt,2021-05-31,0.13043478260869565,0.0,0.0,0.0,0.8695652173913043
Egypt,2021-06-14,0.0,0.0,0.0,0.0,1.0
Egypt,2021-06-28,0.0,0.0,0.25,0.0,0.75
Egypt,2021-07-12,0.0,0.0,0.0,0.0,1.0
Egypt,2021-07-26,0.0,0.0,1.0,0.0,0.0
Egypt,2021-08-09,0.0,0.0,0.8888888888888888,0.0,0.1111111111111111
Estonia,2021-04-05,0.8733273862622658,0.01873327386262266,0.0,0.0,0.07136485280999108
Estonia,2021-04-19,0.967391304347826,0.008152173913043478,0.0,0.0,0.005434782608695652
Estonia,2021-05-03,0.98005698005698,0.011396011396011397,0.0,0.0,0.008547008547008548
Estonia,2021-05-17,0.9815950920245399,0.0,0.0,0.0,0.015337423312883436
Estonia,2021-06-14,0.9854014598540146,0.0,0.014598540145985401,0.0,0.0
Estonia,2021-06-28,0.9555555555555556,0.0,0.044444444444444446,0.0,0.0
Estonia,2021-07-12,0.08695652173913043,0.0,0.9130434782608695,0.0,0.0
Estonia,2021-07-26,0.031746031746031744,0.0,0.9682539682539683,0.0,0.0
Estonia,2021-08-09,0.005555555555555556,0.0,0.9944444444444445,0.0,0.0
Ethiopia,2021-04-05,0.3333333333333333,0.0,0.5,0.0,0.16666666666666666
Ethiopia,2021-04-19,0.0,0.0,1.0,0.0,0.0
Ethiopia,2021-05-03,0.5,0.0,0.0,0.0,0.5
Ethiopia,2021-05-31,0.34615384615384615,0.07692307692307693,0.5,0.0,0.07692307692307693
Ethiopia,2021-06-14,1.0,0.0,0.0,0.0,0.0
Ethiopia,2021-07-12,0.0,0.0,1.0,0.0,0.0
Ethiopia,2021-07-26,0.0,0.0,0.5932203389830508,0.0,0.4067796610169492
Ethiopia,2021-08-09,0.0,0.0,0.9960474308300395,0.0,0.003952569169960474
Fiji,2021-04-19,0.14285714285714285,0.0,0.8571428571428571,0.0,0.0
Fiji,2021-05-03,0.1111111111111111,0.0,0.8888888888888888,0.0,0.0
Fiji,2021-05-17,0.045454545454545456,0.0,0.9545454545454546,0.0,0.0
Fiji,2021-05-31,0.0,0.0,1.0,0.0,0.0
Fiji,2021-06-14,0.0,0.0,1.0,0.0,0.0
Fiji,2021-06-28,0.0,0.0,1.0,0.0,0.0
Fiji,2021-07-12,0.0,0.0,1.0,0.0,0.0
Finland,2021-04-05,0.6322188449848024,0.26646403242147926,0.0,0.0,0.05876393110435663
Finland,2021-04-19,0.688034188034188,0.2535612535612536,0.002849002849002849,0.0,0.039886039886039885
Finland,2021-05-03,0.8007380073800738,0.12361623616236163,0.03874538745387454,0.0,0.02952029520295203
Finland,2021-05-17,0.7653910149750416,0.06655574043261231,0.12479201331114809,0.0,0.03494176372712146
Finland,2021-05-31,0.718336483931947,0.013232514177693762,0.23629489603024575,0.005671077504725898,0.022684310018903593
Finland,2021-06-14,0.608843537414966,0.003401360544217687,0.3299319727891156,0.0,0.04421768707482993
Finland,2021-06-28,0.12942779291553133,0.0027247956403269754,0.8501362397820164,0.0,0.014986376021798364
Finland,2021-07-12,0.023114355231143552,0.0,0.9598540145985401,0.009732360097323601,0.004866180048661801
Finland,2021-07-26,0.00876010781671159,0.0006738544474393531,0.9892183288409704,0.0013477088948787063,0.0
Finland,2021-08-09,0.008459214501510574,0.0,0.9879154078549849,0.0018126888217522659,0.0012084592145015106
France,2021-04-05,0.7973780285429805,0.08828410222369731,0.0,0.007135745104546963,0.04497178891470295
France,2021-04-19,0.766420443202236,0.10541026152924736,0.000798562587342783,0.038131363545617886,0.03473747254941106
France,2021-05-03,0.7830639653994992,0.11427270657864785,0.01069883906214432,0.01957659913498748,0.021625312997951285
France,2021-05-17,0.7766871165644171,0.14478527607361963,0.015644171779141104,0.01717791411042945,0.012883435582822086
France,2021-05-31,0.7499202551834131,0.13492822966507176,0.03094098883572568,0.025199362041467305,0.026475279106858055
France,2021-06-14,0.6081264108352145,0.18013544018058691,0.12189616252821671,0.03160270880361174,0.037923250564334085
France,2021-06-28,0.2815384615384615,0.2153846153846154,0.39384615384615385,0.06820512820512821,0.021538461538461538
France,2021-07-12,0.16490734224724374,0.11869575416373446,0.6788646493079991,0.018531550551254983,0.009383063570255689
France,2021-07-26,0.04882217433306086,0.025785836367689677,0.9105298357732036,0.010031953630081,0.0024522553317975777
France,2021-08-09,0.022416333403494002,0.013260366238686592,0.9527467901494422,0.008735003157230057,0.0011576510208377185
Gambia,2021-04-05,0.7142857142857143,0.0,0.0,0.0,0.21428571428571427
Gambia,2021-04-19,0.0,0.0,0.8,0.0,0.2
Gambia,2021-05-03,0.18181818181818182,0.0,0.0,0.0,0.8181818181818182
Gambia,2021-05-17,0.5,0.0,0.5,0.0,0.0
Gambia,2021-05-31,0.0,0.0,0.5833333333333334,0.0,0.4166666666666667
Gambia,2021-06-14,0.0,0.0,1.0,0.0,0.0
Gambia,2021-06-28,0.0,0.0,1.0,0.0,0.0
Gambia,2021-07-12,0.0,0.0,0.9855072463768116,0.0,0.014492753623188406
Gambia,2021-07-26,0.0,0.0,1.0,0.0,0.0
Gambia,2021-08-09,0.0,0.0,0.984251968503937,0.0,0.015748031496062992
Georgia,2021-04-05,0.75,0.0,0.0,0.0,0.25
Georgia,2021-04-19,1.0,0.0,0.0,0.0,0.0
Georgia,2021-05-03,0.3333333333333333,0.0,0.0,0.0,0.6666666666666666
Georgia,2021-05-17,0.17391304347826086,0.0,0.17391304347826086,0.0,0.5652173913043478
Georgia,2021-05-31,0.75,0.03571428571428571,0.03571428571428571,0.0,0.17857142857142858
Georgia,2021-06-14,0.9411764705882353,0.0,0.0,0.0,0.058823529411764705
Georgia,2021-06-28,0.8235294117647058,0.0,0.17647058823529413,0.0,0.0
Georgia,2021-07-12,0.37037037037037035,0.0,0.6296296296296297,0.0,0.0
Georgia,2021-07-26,0.25,0.0,0.75,0.0,0.0
Georgia,2021-08-09,0.375,0.0,0.5625,0.0,0.0625
Germany,2021-04-05,0.8857701950712408,0.019996330948449825,0.0002446034366782853,0.001651073197578426,0.031553843331498806
Germany,2021-04-19,0.9346692144812271,0.01993492743892992,0.0015493466921448122,0.0026338893766461808,0.019470123431286474
Germany,2021-05-03,0.94877240236196,0.013881694809903656,0.006940847404951828,0.005076142131979695,0.014296073759453019
Germany,2021-05-17,0.9223394055608821,0.018855864493448386,0.01955896452540748,0.007542345797379354,0.018152764461489293
Germany,2021-05-31,0.9019867549668874,0.008965868568517575,0.03953132959755477,0.015180845644421804,0.024146714212939378
Germany,2021-06-14,0.785224958341048,0.0066654323273467875,0.1392334752823551,0.01703388261433068,0.03943714127013516
Germany,2021-06-28,0.42401215805471126,0.007598784194528876,0.493161094224924,0.026975683890577508,0.03723404255319149
Germany,2021-07-12,0.13353451527725388,0.0015088645794039985,0.7951716333459072,0.03055450773293097,0.02942285929837797
Germany,2021-07-26,0.02724498692240628,0.00043591979075850045,0.9527027027027027,0.012641673931996512,0.004795117698343505
Germany,2021-08-09,0.011295788284653864,0.00048410521219945134,0.9820881071486203,0.0029046312731967083,0.002420526060997257
Ghana,2021-04-05,0.5217391304347826,0.06521739130434782,0.0,0.0,0.34782608695652173
Ghana,2021-04-19,0.4270833333333333,0.0625,0.010416666666666666,0.0,0.3020833333333333
Ghana,2021-05-03,0.4642857142857143,0.047619047619047616,0.05952380952380952,0.011904761904761904,0.35714285714285715
Ghana,2021-05-17,0.15,0.016666666666666666,0.03333333333333333,0.0,0.7666666666666667
Ghana,2021-05-31,0.05128205128205128,0.0,0.11538461538461539,0.0,0.7435897435897436
Ghana,2021-06-14,0.0,0.034482758620689655,0.10344827586206896,0.0,0.7758620689655172
Ghana,2021-06-28,0.019230769230769232,0.0,0.7788461538461539,0.0,0.19230769230769232
Ghana,2021-07-12,0.0,0.0,0.8461538461538461,0.0,0.15384615384615385
Ghana,2021-07-26,0.0,0.0,0.9642857142857143,0.0,0.03571428571428571
Ghana,2021-08-09,0.0,0.0,0.9181818181818182,0.0,0.08181818181818182
Greece,2021-04-05,0.8668639053254438,0.01775147928994083,0.0029585798816568047,0.0,0.07100591715976332
Greece,2021-04-19,0.8834154351395731,0.008210180623973728,0.0,0.0,0.09359605911330049
Greece,2021-05-03,0.7990543735224587,0.003940110323089046,0.006304176516942475,0.0,0.1875492513790386
Greece,2021-05-17,0.8047808764940239,0.004780876494023904,0.0007968127490039841,0.0007968127490039841,0.18804780876494023
Greece,2021-05-31,0.7491103202846975,0.0017793594306049821,0.0,0.0,0.2491103202846975
Greece,2021-06-14,0.2786885245901639,0.01092896174863388,0.00546448087431694,0.0,0.7049180327868853
Greece,2021-06-28,0.4523809523809524,0.0,0.07142857142857142,0.0,0.47619047619047616
Greece,2021-07-12,0.375,0.04054054054054054,0.5405405405405406,0.0,0.04391891891891892
Greece,2021-07-26,0.01977401129943503,0.002824858757062147,0.9689265536723164,0.0,0.00847457627118644
Greece,2021-08-09,0.06880733944954129,0.0,0.9174311926605505,0.0,0.013761467889908258
Guatemala,2021-04-05,0.2222222222222222,0.0,0.0,0.0,0.5555555555555556
Guatemala,2021-04-19,0.37037037037037035,0.0,0.0,0.07407407407407407,0.4444444444444444
Guatemala,2021-05-03,0.0,0.125,0.125,0.125,0.625
Guatemala,2021-05-17,0.0,0.0,0.0,0.09090909090909091,0.9090909090909091
Guatemala,2021-05-31,0.05263157894736842,0.0,0.0,0.0,0.8421052631578947
Guatemala,2021-06-14,0.041666666666666664,0.0,0.08333333333333333,0.08333333333333333,0.6666666666666666
Guatemala,2021-06-28,0.012195121951219513,0.0,0.21951219512195122,0.0975609756097561,0.6341463414634146
Guatemala,2021-07-12,0.0,0.0,0.34502923976608185,0.08771929824561403,0.5321637426900585
Guatemala,2021-07-26,0.01818181818181818,0.0,0.4727272727272727,0.07272727272727272,0.41818181818181815
Guatemala,2021-08-09,0.0,0.0,0.6447368421052632,0.09210526315789473,0.25
Hong Kong,2021-04-05,0.3023255813953488,0.3023255813953488,0.046511627906976744,0.0,0.3488372093023256
Hong Kong,2021-04-19,0.15584415584415584,0.2987012987012987,0.1038961038961039,0.0,0.2857142857142857
Hong Kong,2021-05-03,0.025,0.325,0.575,0.0,0.075
Hong Kong,2021-05-17,0.0,0.6666666666666666,0.23809523809523808,0.0,0.09523809523809523
Hong Kong,2021-05-31,0.375,0.0,0.25,0.0,0.25
Hong Kong,2021-06-14,0.3,0.03333333333333333,0.5,0.0,0.03333333333333333
Hong Kong,2021-06-28,0.0,0.0,1.0,0.0,0.0
Hong Kong,2021-07-12,0.0,0.0,0.9696969696969697,0.0,0.030303030303030304
Hong Kong,2021-07-26,0.13333333333333333,0.0,0.8666666666666667,0.0,0.0
Hong Kong,2021-08-09,0.11538461538461539,0.0,0.8846153846153846,0.0,0.0
Iceland,2021-04-05,0.9902912621359223,0.0,0.0,0.009708737864077669,0.0
Iceland,2021-04-19,0.9659090909090909,0.0,0.0,0.0,0.022727272727272728
Iceland,2021-05-03,0.9936305732484076,0.0,0.0,0.0,0.0
Iceland,2021-05-17,0.8888888888888888,0.0,0.031746031746031744,0.015873015873015872,0.047619047619047616
Iceland,2021-05-31,0.926829268292683,0.0,0.04878048780487805,0.024390243902439025,0.0
Iceland,2021-06-14,0.8222222222222222,0.022222222222222223,0.08888888888888889,0.0,0.06666666666666667
Iceland,2021-06-28,0.3783783783783784,0.0,0.4864864864864865,0.08108108108108109,0.05405405405405406
Iceland,2021-07-12,0.2,0.0,0.775,0.025,0.0
Iceland,2021-07-26,0.004815409309791332,0.0016051364365971107,0.9935794542536116,0.0,0.0
Iceland,2021-08-09,0.0013802622498274672,0.0,0.9979296066252588,0.0,0.0006901311249137336
India,2021-04-05,0.2380650612589776,0.012674271229404309,0.2329953527672159,0.0004224757076468103,0.21504013519222645
India,2021-04-19,0.12166688999062039,0.00817365670641833,0.5556746616642101,0.00013399437223636607,0.13211845102505695
India,2021-05-03,0.06542171654711848,0.004452139500371012,0.7635419243136284,0.0,0.09868909225822409
India,2021-05-17,0.013713573320866448,0.0015583606046439145,0.9085242325074022,0.00015583606046439146,0.04675081813931744
India,2021-05-31,0.004113687359760658,0.0013089005235602095,0.9324981301421092,0.0,0.05403889304412865
India,2021-06-14,0.004931892907468295,0.0004697040864255519,0.9525598872710193,0.0,0.03663691874119305
India,2021-06-28,0.0018523418893887271,0.0018523418893887271,0.9655993649113522,0.0,0.026726647261180205
India,2021-07-12,0.0011737089201877935,0.00029342723004694836,0.9509976525821596,0.0,0.043720657276995305
India,2021-07-26,0.0,0.0,0.9768645357686454,0.0,0.0213089802130898
India,2021-08-09,0.0006925207756232687,0.0,0.975415512465374,0.0,0.023545706371191136
Indonesia,2021-04-05,0.011428571428571429,0.005714285714285714,0.05714285714285714,0.0,0.9257142857142857
Indonesia,2021-04-19,0.01092896174863388,0.00546448087431694,0.08196721311475409,0.0,0.9016393442622951
Indonesia,2021-05-03,0.06451612903225806,0.004032258064516129,0.10080645161290322,0.0,0.8266129032258065
Indonesia,2021-05-17,0.042492917847025496,0.031161473087818695,0.06515580736543909,0.0,0.8526912181303116
Indonesia,2021-05-31,0.03220338983050847,0.006779661016949152,0.2677966101694915,0.0,0.6932203389830508
Indonesia,2021-06-14,0.003076923076923077,0.0015384615384615385,0.6846153846153846,0.0,0.31076923076923074
Indonesia,2021-06-28,0.0009606147934678194,0.0,0.8751200768491835,0.0,0.1239193083573487
Indonesia,2021-07-12,0.008188331627430911,0.0,0.9263050153531218,0.0,0.06550665301944729
Indonesia,2021-07-26,0.0013297872340425532,0.0,0.9667553191489362,0.0,0.031914893617021274
Indonesia,2021-08-09,0.0,0.0,0.987192118226601,0.0,0.012807881773399015
Iran,2021-04-05,0.4117647058823529,0.11764705882352941,0.0,0.0,0.47058823529411764
Iran,2021-04-19,0.8636363636363636,0.0,0.045454545454545456,0.0,0.09090909090909091
Iran,2021-05-03,0.625,0.0,0.3333333333333333,0.0,0.020833333333333332
Iran,2021-05-17,0.9411764705882353,0.058823529411764705,0.0,0.0,0.0
Iran,2021-05-31,1.0,0.0,0.0,0.0,0.0
Iran,2021-07-26,1.0,0.0,0.0,0.0,0.0
Iran,2021-08-09,0.0,0.0,1.0,0.0,0.0
Iraq,2021-04-05,1.0,0.0,0.0,0.0,0.0
Iraq,2021-04-19,1.0,0.0,0.0,0.0,0.0
Iraq,2021-05-03,0.4166666666666667,0.0,0.16666666666666666,0.0,0.4166666666666667
Iraq,2021-05-17,1.0,0.0,0.0,0.0,0.0
Iraq,2021-05-31,1.0,0.0,0.0,0.0,0.0
Iraq,2021-06-14,0.5,0.0,0.5,0.0,0.0
Iraq,2021-07-12,0.5,0.0,0.5,0.0,0.0
Iraq,2021-07-26,0.0,0.0,1.0,0.0,0.0
Iraq,2021-08-09,0.0,0.0,1.0,0.0,0.0
Ireland,2021-04-05,0.953000723065799,0.005061460592913955,0.004338394793926247,0.0028922631959508315,0.028922631959508314
Ireland,2021-04-19,0.9159836065573771,0.0034153005464480873,0.008879781420765027,0.0020491803278688526,0.05942622950819672
Ireland,2021-05-03,0.8890057864281957,0.0005260389268805891,0.03261441346659653,0.0,0.04418726985796949
Ireland,2021-05-17,0.9177789642285105,0.0,0.03416978109983983,0.0,0.03363587827015483
Ireland,2021-05-31,0.9162770930726731,0.0,0.030174245643858903,0.00042498937526561835,0.017424564385890354
Ireland,2021-06-14,0.8445078459343794,0.0,0.11982881597717546,0.0,0.025677603423680456
Ireland,2021-06-28,0.5273885350318471,0.0006369426751592356,0.44904458598726116,0.0006369426751592356,0.0070063694267515925
Ireland,2021-07-12,0.09039226833428084,0.0005685048322910744,0.900511654349062,0.0,0.0028425241614553724
Ireland,2021-07-26,0.03517241379310345,0.000689655172413793,0.9617241379310345,0.0,0.0020689655172413794
Ireland,2021-08-09,0.008302889405513119,0.0,0.9907007638658253,0.00033211557622052476,0.0006642311524410495
Israel,2021-04-05,0.9927710843373494,0.0024096385542168677,0.0,0.0,0.0036144578313253013
Israel,2021-04-19,0.8796680497925311,0.0,0.058091286307053944,0.01037344398340249,0.04564315352697095
Israel,2021-05-03,0.896358543417367,0.0028011204481792717,0.05322128851540616,0.0056022408963585435,0.014005602240896359
Israel,2021-05-17,0.6715686274509803,0.004901960784313725,0.11274509803921569,0.0196078431372549,0.029411764705882353
Israel,2021-05-31,0.8,0.02666666666666667,0.09333333333333334,0.006666666666666667,0.06666666666666667
Israel,2021-06-14,0.24561403508771928,0.008771929824561403,0.6842105263157895,0.02631578947368421,0.03508771929824561
Israel,2021-06-28,0.008264462809917356,0.0,0.9752066115702479,0.0035419126328217238,0.011806375442739079
Israel,2021-07-12,0.028887523048555623,0.0,0.9348494161032576,0.003073140749846343,0.0313460356484327
Israel,2021-07-26,0.00390625,0.001953125,0.990234375,0.0,0.00390625
Israel,2021-08-09,0.0030358227079538553,0.0,0.99210686095932,0.0006071645415907711,0.004250151791135397
Italy,2021-04-05,0.8830409356725146,0.0017543859649122807,0.0005847953216374269,0.038011695906432746,0.026900584795321637
Italy,2021-04-19,0.9054870044631137,0.0036755053819900237,0.0013126804935678655,0.049094250459438174,0.0175899186138094
Italy,2021-05-03,0.867437284800787,0.002459419576979833,0.01500245941957698,0.055090998524348254,0.032218396458435807
Italy,2021-05-17,0.8127892301220025,0.005048380311316786,0.04627681952040387,0.09760201935212452,0.016407236011779555
Italy,2021-05-31,0.7572815533980582,0.005601194921583271,0.04891710231516057,0.1176250933532487,0.05302464525765497
Italy,2021-06-14,0.6209573091849935,0.0019404915912031048,0.16364812419146182,0.1313065976714101,0.047865459249676584
Italy,2021-06-28,0.49390243902439024,0.0020325203252032522,0.30691056910569103,0.12804878048780488,0.04420731707317073
Italy,2021-07-12,0.20792403405370005,0.0003274394237066143,0.7039947609692206,0.058284217419777344,0.020956123117223315
Italy,2021-07-26,0.05323831481869629,0.0008383986585621463,0.9138545378327395,0.018025571159086144,0.011318381890588975
Italy,2021-08-09,0.021039903264812577,0.0004836759371221282,0.9576783555018138,0.004353083434099154,0.01475211608222491
Jamaica,2021-04-05,1.0,0.0,0.0,0.0,0.0
Jamaica,2021-04-19,1.0,0.0,0.0,0.0,0.0
Jamaica,2021-05-03,1.0,0.0,0.0,0.0,0.0
Jamaica,2021-05-17,0.9333333333333333,0.0,0.0,0.0,0.06666666666666667
Jamaica,2021-05-31,0.9615384615384616,0.0,0.0,0.0,0.0
Jamaica,2021-07-26,0.010869565217391304,0.0,0.6739130434782609,0.0,0.021739130434782608
Jamaica,2021-08-09,0.25,0.0,0.5,0.0,0.25
Japan,2021-04-05,0.5542759127664788,0.003430531732418525,0.0007351139426611125,0.0044106836559666745,0.43616760597892673
Japan,2021-04-19,0.6596202078108205,0.0026872088857040487,0.003403797921891795,0.0016123253314224292,0.33124328197778574
Japan,2021-05-03,0.8556690901945372,0.0012772646885439182,0.005109058754175673,0.0015720180782078995,0.13529180585576733
Japan,2021-05-17,0.9008606949314631,0.000318775900541919,0.015407501859526086,0.000956327701625757,0.08213792370630113
Japan,2021-05-31,0.9201013513513514,0.0008445945945945946,0.020777027027027026,0.0005067567567567568,0.05777027027027027
Japan,2021-06-14,0.9253624910862848,0.0016638935108153079,0.04611362015688139,0.0004753981459472308,0.026146898027097694
Japan,2021-06-28,0.866824644549763,0.001184834123222749,0.12488151658767772,0.00023696682464454977,0.006635071090047393
Japan,2021-07-12,0.7073426573426573,0.0006993006993006993,0.28986013986013986,0.00017482517482517483,0.0013986013986013986
Japan,2021-07-26,0.3858058156727452,0.0002957121734844751,0.6128141941843273,0.00019714144898965008,0.0007885657959586003
Japan,2021-08-09,0.16344931221824066,0.00011559357299734135,0.83608831348977,5.7796786498670675e-05,0.0002311871459946827
Jordan,2021-04-05,0.7692307692307693,0.0,0.0,0.0,0.23076923076923078
Jordan,2021-04-19,0.42105263157894735,0.10526315789473684,0.0,0.0,0.42105263157894735
Jordan,2021-05-03,0.375,0.0,0.1875,0.125,0.0625
Jordan,2021-05-17,0.47058823529411764,0.0,0.17647058823529413,0.058823529411764705,0.29411764705882354
Jordan,2021-05-31,0.5,0.0,0.2857142857142857,0.0,0.21428571428571427
Jordan,2021-06-14,0.14814814814814814,0.0,0.8148148148148148,0.0,0.037037037037037035
Jordan,2021-06-28,0.375,0.0,0.625,0.0,0.0
Jordan,2021-07-12,0.16666666666666666,0.0,0.75,0.0,0.08333333333333333
Jordan,2021-07-26,0.0,0.0,1.0,0.0,0.0
Jordan,2021-08-09,0.0,0.0,1.0,0.0,0.0
Kazakhstan,2021-04-05,1.0,0.0,0.0,0.0,0.0
Kazakhstan,2021-04-19,1.0,0.0,0.0,0.0,0.0
Kazakhstan,2021-05-03,1.0,0.0,0.0,0.0,0.0
Kazakhstan,2021-07-26,0.0,0.0,1.0,0.0,0.0
Kenya,2021-04-05,0.7218934911242604,0.21301775147928995,0.0,0.0,0.0650887573964497
Kenya,2021-04-19,0.6992481203007519,0.15037593984962405,0.09774436090225563,0.0,0.03759398496240601
Kenya,2021-05-03,0.5,0.22794117647058823,0.10294117647058823,0.0,0.125
Kenya,2021-05-17,0.6495726495726496,0.1794871794871795,0.11965811965811966,0.0,0.03418803418803419
Kenya,2021-05-31,0.5103092783505154,0.061855670103092786,0.4020618556701031,0.0,0.020618556701030927
Kenya,2021-06-14,0.4090909090909091,0.03787878787878788,0.553030303030303,0.0,0.0
Kenya,2021-06-28,0.1676300578034682,0.005780346820809248,0.8092485549132948,0.0,0.017341040462427744
Kenya,2021-07-12,0.050359712230215826,0.01079136690647482,0.920863309352518,0.0,0.014388489208633094
Kenya,2021-07-26,0.0045045045045045045,0.0,0.963963963963964,0.0,0.03153153153153153
Kenya,2021-08-09,0.016891891891891893,0.0033783783783783786,0.9527027027027027,0.0,0.02702702702702703
Kosovo,2021-05-03,0.0,0.0,1.0,0.0,0.0
Kosovo,2021-05-17,1.0,0.0,0.0,0.0,0.0
Kosovo,2021-05-31,1.0,0.0,0.0,0.0,0.0
Kosovo,2021-06-14,1.0,0.0,0.0,0.0,0.0
Kosovo,2021-07-12,0.3333333333333333,0.0,0.6666666666666666,0.0,0.0
Kosovo,2021-07-26,0.022727272727272728,0.0,0.9772727272727273,0.0,0.0
Kosovo,2021-08-09,0.012048192771084338,0.0,0.9879518072289156,0.0,0.0
Kuwait,2021-04-19,1.0,0.0,0.0,0.0,0.0
Kuwait,2021-05-31,0.42857142857142855,0.0,0.2857142857142857,0.0,0.14285714285714285
Kuwait,2021-06-14,0.28125,0.0,0.5625,0.0,0.125
Kuwait,2021-06-28,0.075,0.0,0.9,0.0,0.025
Kuwait,2021-07-12,0.015151515151515152,0.0,0.9848484848484849,0.0,0.0
Kuwait,2021-08-09,0.0,0.0,1.0,0.0,0.0
Latvia,2021-04-05,0.7248908296943232,0.008733624454148471,0.0,0.002183406113537118,0.10698689956331878
Latvia,2021-04-19,0.8506666666666667,0.0,0.0,0.0,0.05733333333333333
Latvia,2021-05-03,0.9103448275862069,0.001379310344827586,0.0,0.0,0.04275862068965517
Latvia,2021-05-17,0.9390962671905697,0.0019646365422396855,0.009823182711198428,0.0,0.03143418467583497
Latvia,2021-05-31,0.9381044487427466,0.0,0.0367504835589942,0.0,0.02127659574468085
Latvia,2021-06-14,0.8153846153846154,0.0,0.18461538461538463,0.0,0.0
Latvia,2021-06-28,0.5774647887323944,0.0,0.4084507042253521,0.014084507042253521,0.0
Latvia,2021-07-12,0.25,0.009259259259259259,0.6851851851851852,0.0,0.018518518518518517
Latvia,2021-07-26,0.021897810218978103,0.0,0.9781021897810219,0.0,0.0
Latvia,2021-08-09,0.0,0.0,0.9731543624161074,0.0,0.0
Lebanon,2021-04-05,1.0,0.0,0.0,0.0,0.0
Lebanon,2021-04-19,1.0,0.0,0.0,0.0,0.0
Lebanon,2021-05-03,0.989010989010989,0.0,0.0,0.0,0.01098901098901099
Lebanon,2021-05-17,1.0,0.0,0.0,0.0,0.0
Lebanon,2021-06-28,0.0,0.0,1.0,0.0,0.0
Lebanon,2021-07-12,0.0,0.0,1.0,0.0,0.0
Lebanon,2021-07-26,0.04,0.0,0.96,0.0,0.0
Liechtenstein,2021-04-05,0.0,0.0,0.0,0.0,1.0
Liechtenstein,2021-04-19,0.25,0.0,0.0,0.0,0.6875
Liechtenstein,2021-05-03,0.25,0.0,0.0,0.0,0.75
Liechtenstein,2021-05-17,0.14285714285714285,0.0,0.0,0.0,0.8571428571428571
Liechtenstein,2021-05-31,0.5,0.0,0.0,0.0,0.5
Liechtenstein,2021-06-14,1.0,0.0,0.0,0.0,0.0
Liechtenstein,2021-06-28,0.0,0.0,1.0,0.0,0.0
Liechtenstein,2021-07-12,0.0,0.0,1.0,0.0,0.0
Liechtenstein,2021-07-26,0.0,0.0,1.0,0.0,0.0
Liechtenstein,2021-08-09,0.0,0.0,1.0,0.0,0.0
Lithuania,2021-04-05,0.7980295566502463,0.0006157635467980296,0.0,0.0,0.022783251231527094
Lithuania,2021-04-19,0.8935672514619883,0.0005847953216374269,0.0,0.0011695906432748538,0.017543859649122806
Lithuania,2021-05-03,0.9382334774552192,0.0,0.0,0.0006176652254478073,0.014823965410747375
Lithuania,2021-05-17,0.960618846694796,0.0,0.0,0.0007032348804500703,0.011251758087201125
Lithuania,2021-05-31,0.9649595687331537,0.0,0.0013477088948787063,0.0,0.00876010781671159
Lithuania,2021-06-14,0.8990963855421686,0.0,0.012048192771084338,0.0015060240963855422,0.009036144578313253
Lithuania,2021-06-28,0.8672985781990521,0.0,0.10426540284360189,0.0,0.004739336492890996
Lithuania,2021-07-12,0.3050847457627119,0.0,0.6822033898305084,0.00423728813559322,0.00847457627118644
Lithuania,2021-07-26,0.02014098690835851,0.0,0.9778449144008057,0.0,0.002014098690835851
Lithuania,2021-08-09,0.0032981530343007917,0.0,0.996042216358839,0.0006596306068601583,0.0
Luxembourg,2021-04-05,0.7362869198312236,0.20569620253164558,0.00949367088607595,0.010548523206751054,0.026371308016877638
Luxembourg,2021-04-19,0.8341323106423778,0.12751677852348994,0.0028763183125599234,0.010546500479386385,0.012464046021093002
Luxembourg,2021-05-03,0.8387698042870456,0.09040074557315937,0.0009319664492078285,0.024231127679403542,0.0195712954333644
Luxembourg,2021-05-17,0.7647849462365591,0.0739247311827957,0.03225806451612903,0.04973118279569892,0.051075268817204304
Luxembourg,2021-05-31,0.6836734693877551,0.03316326530612245,0.14795918367346939,0.04846938775510204,0.06887755102040816
Luxembourg,2021-06-14,0.525,0.0,0.37083333333333335,0.058333333333333334,0.025
Luxembourg,2021-06-28,0.16923076923076924,0.023076923076923078,0.6615384615384615,0.13846153846153847,0.007692307692307693
Luxembourg,2021-07-12,0.025423728813559324,0.00211864406779661,0.3177966101694915,0.6514830508474576,0.00211864406779661
Luxembourg,2021-07-26,0.01430615164520744,0.0,0.6351931330472103,0.3490701001430615,0.001430615164520744
Luxembourg,2021-08-09,0.004357298474945534,0.0,0.8801742919389978,0.11328976034858387,0.0
Madagascar,2021-04-05,0.09615384615384616,0.7884615384615384,0.0,0.0,0.11538461538461539
Madagascar,2021-04-19,0.1504424778761062,0.8407079646017699,0.0,0.0,0.008849557522123894
Madagascar,2021-05-03,0.0625,0.9375,0.0,0.0,0.0
Madagascar,2021-05-17,0.13333333333333333,0.8666666666666667,0.0,0.0,0.0
Madagascar,2021-05-31,0.0,1.0,0.0,0.0,0.0
Madagascar,2021-07-12,0.0,1.0,0.0,0.0,0.0
Madagascar,2021-07-26,0.0,1.0,0.0,0.0,0.0
Malawi,2021-04-05,0.0,1.0,0.0,0.0,0.0
Malawi,2021-04-19,0.0,0.95,0.05,0.0,0.0
Malawi,2021-05-03,0.0,0.030303030303030304,0.48484848484848486,0.0,0.48484848484848486
Malawi,2021-05-17,0.0,0.5,0.5,0.0,0.0
Malawi,2021-05-31,0.041666666666666664,0.041666666666666664,0.875,0.0,0.041666666666666664
Malawi,2021-06-14,0.0,0.1,0.88,0.0,0.02
Malawi,2021-06-28,0.0,0.013888888888888888,0.9861111111111112,0.0,0.0
Malawi,2021-07-12,0.0,0.0,1.0,0.0,0.0
Malawi,2021-07-26,0.0,0.0,1.0,0.0,0.0
Malawi,2021-08-09,0.0,0.0,1.0,0.0,0.0
Malaysia,2021-04-05,0.045454545454545456,0.09090909090909091,0.0,0.0,0.8636363636363636
Malaysia,2021-04-19,0.08173076923076923,0.27884615384615385,0.03365384615384615,0.0,0.6009615384615384
Malaysia,2021-05-03,0.024,0.528,0.024,0.0,0.424
Malaysia,2021-05-17,0.0,0.384,0.104,0.0,0.512
Malaysia,2021-05-31,0.0,0.3972602739726027,0.1506849315068493,0.0,0.4520547945205479
Malaysia,2021-06-14,0.027777777777777776,0.1388888888888889,0.5,0.0,0.2916666666666667
Malaysia,2021-06-28,0.028846153846153848,0.07692307692307693,0.5865384615384616,0.0,0.3076923076923077
Malaysia,2021-07-12,0.0,0.014925373134328358,0.9029850746268657,0.0,0.08208955223880597
Malaysia,2021-07-26,0.0,0.02830188679245283,0.910377358490566,0.0,0.06132075471698113
Malaysia,2021-08-09,0.0,0.011061946902654867,0.922566371681416,0.0,0.06637168141592921
Maldives,2021-04-05,1.0,0.0,0.0,0.0,0.0
Maldives,2021-05-03,0.2,0.0,0.8,0.0,0.0
Maldives,2021-05-17,0.0,0.0,1.0,0.0,0.0
Maldives,2021-05-31,0.0,0.0,1.0,0.0,0.0
Maldives,2021-06-14,0.0,0.0,1.0,0.0,0.0
Maldives,2021-06-28,0.0,0.0,1.0,0.0,0.0
Maldives,2021-07-12,0.0,0.0,1.0,0.0,0.0
Maldives,2021-07-26,0.0,0.0,1.0,0.0,0.0
Maldives,2021-08-09,0.0,0.0,1.0,0.0,0.0
Malta,2021-04-05,0.8157894736842105,0.0,0.0,0.0,0.10526315789473684
Malta,2021-04-19,0.71875,0.03125,0.0,0.125,0.09375
Malta,2021-05-03,0.38636363636363635,0.022727272727272728,0.0,0.36363636363636365,0.13636363636363635
Malta,2021-05-17,0.71875,0.0,0.0,0.21875,0.03125
Malta,2021-05-31,0.6666666666666666,0.0,0.06666666666666667,0.06666666666666667,0.13333333333333333
Malta,2021-06-14,0.8181818181818182,0.09090909090909091,0.0,0.09090909090909091,0.0
Malta,2021-06-28,0.1111111111111111,0.0,0.3333333333333333,0.3333333333333333,0.1111111111111111
Malta,2021-07-12,0.016666666666666666,0.0,0.9833333333333333,0.0,0.0
Malta,2021-07-26,0.020833333333333332,0.0,0.9791666666666666,0.0,0.0
Malta,2021-08-09,0.0,0.0,0.9473684210526315,0.05263157894736842,0.0
Mauritius,2021-04-05,0.0,0.0,0.0,0.0,1.0
Mauritius,2021-04-19,0.0,0.0,0.0,0.0,1.0
Mauritius,2021-05-03,0.0,0.0,0.0,0.0,1.0
Mauritius,2021-05-17,0.0,0.0,0.05,0.0,0.95
Mauritius,2021-05-31,0.0,0.0,0.0,0.0,1.0
Mauritius,2021-06-14,0.0,0.0,0.15384615384615385,0.0,0.8461538461538461
Mauritius,2021-06-28,0.0,0.05555555555555555,0.6111111111111112,0.0,0.3333333333333333
Mauritius,2021-07-12,0.0,0.0,0.08695652173913043,0.0,0.9130434782608695
Mauritius,2021-07-26,0.0,0.0,0.09523809523809523,0.0,0.9047619047619048
Mauritius,2021-08-09,0.0,0.0,0.0,0.0,1.0
Mexico,2021-04-05,0.032640949554896145,0.0009891196834817012,0.0009891196834817012,0.016815034619188922,0.18991097922848665
Mexico,2021-04-19,0.0728424386381631,0.003167062549485352,0.0,0.026920031670625493,0.0934283452098179
Mexico,2021-05-03,0.1223021582733813,0.0057553956834532375,0.0007194244604316547,0.06258992805755395,0.12733812949640289
Mexico,2021-05-17,0.1699181875393329,0.003775959723096287,0.01825047199496539,0.12020138451856513,0.16110761485210826
Mexico,2021-05-31,0.20475638051044084,0.0,0.03654292343387471,0.24013921113689096,0.16241299303944315
Mexico,2021-06-14,0.1935193519351935,0.0,0.10441044104410441,0.38208820882088207,0.126012601260126
Mexico,2021-06-28,0.1254632080465855,0.0,0.32292218104817366,0.27686606670195874,0.10164107993647432
Mexico,2021-07-12,0.04431871758604432,0.0,0.6492220650636492,0.13767090994813766,0.06647807637906648
Mexico,2021-07-26,0.018419975440032748,0.0,0.8268522308636922,0.06876790830945559,0.04011461318051576
Mexico,2021-08-09,0.005952380952380952,0.0,0.8125,0.034722222222222224,0.12433862433862433
Moldova,2021-04-05,1.0,0.0,0.0,0.0,0.0
Moldova,2021-04-19,1.0,0.0,0.0,0.0,0.0
Moldova,2021-05-03,1.0,0.0,0.0,0.0,0.0
Moldova,2021-05-17,0.8333333333333334,0.0,0.0,0.0,0.08333333333333333
Moldova,2021-05-31,1.0,0.0,0.0,0.0,0.0
Moldova,2021-06-28,0.3333333333333333,0.0,0.6666666666666666,0.0,0.0
Moldova,2021-07-12,0.0,0.0,1.0,0.0,0.0
Monaco,2021-04-19,1.0,0.0,0.0,0.0,0.0
Monaco,2021-05-31,0.0,0.0,1.0,0.0,0.0
Monaco,2021-06-14,0.0,0.0,1.0,0.0,0.0
Monaco,2021-06-28,0.0,0.0,1.0,0.0,0.0
Monaco,2021-07-12,0.0,0.0,1.0,0.0,0.0
Monaco,2021-07-26,0.0,0.0,1.0,0.0,0.0
Monaco,2021-08-09,0.0,0.0,1.0,0.0,0.0
Mongolia,2021-04-19,1.0,0.0,0.0,0.0,0.0
Mongolia,2021-05-17,0.6666666666666666,0.0,0.3333333333333333,0.0,0.0
Mongolia,2021-06-28,0.875,0.0,0.0625,0.0,0.0625
Mongolia,2021-07-12,0.9411764705882353,0.0,0.058823529411764705,0.0,0.0
Mongolia,2021-07-26,0.9411764705882353,0.0,0.058823529411764705,0.0,0.0
Mongolia,2021-08-09,0.5961538461538461,0.0,0.40384615384615385,0.0,0.0
Montenegro,2021-06-14,1.0,0.0,0.0,0.0,0.0
Montenegro,2021-06-28,0.8888888888888888,0.0,0.1111111111111111,0.0,0.0
Montenegro,2021-07-12,0.5,0.0,0.5,0.0,0.0
Montenegro,2021-07-26,0.06666666666666667,0.0,0.9333333333333333,0.0,0.0
Montenegro,2021-08-09,0.041666666666666664,0.0,0.9166666666666666,0.041666666666666664,0.0
Morocco,2021-04-05,0.7777777777777778,0.0,0.0,0.0,0.2222222222222222
Morocco,2021-04-19,0.95,0.0,0.0,0.0,0.05
Morocco,2021-05-03,0.6,0.0,0.2,0.0,0.0
Morocco,2021-05-31,1.0,0.0,0.0,0.0,0.0
Morocco,2021-06-14,1.0,0.0,0.0,0.0,0.0
Morocco,2021-06-28,0.42857142857142855,0.14285714285714285,0.2857142857142857,0.0,0.14285714285714285
Morocco,2021-07-12,0.1111111111111111,0.0,0.5555555555555556,0.0,0.1111111111111111
Morocco,2021-07-26,0.2903225806451613,0.0,0.7096774193548387,0.0,0.0
Mozambique,2021-04-05,0.0,1.0,0.0,0.0,0.0
Mozambique,2021-04-19,0.0,0.8888888888888888,0.0,0.0,0.1111111111111111
Mozambique,2021-05-03,0.05,0.85,0.0,0.0,0.1
Mozambique,2021-05-17,0.1111111111111111,0.3333333333333333,0.3333333333333333,0.0,0.2222222222222222
Mozambique,2021-05-31,0.0,0.6666666666666666,0.3333333333333333,0.0,0.0
Mozambique,2021-06-14,0.0,0.625,0.375,0.0,0.0
Mozambique,2021-06-28,0.0,0.02631578947368421,0.9649122807017544,0.0,0.008771929824561403
Mozambique,2021-07-12,0.0,0.0,1.0,0.0,0.0
Mozambique,2021-07-26,0.0,0.0,1.0,0.0,0.0
Mozambique,2021-08-09,0.0,0.0,1.0,0.0,0.0
Nepal,2021-04-19,0.25,0.0,0.75,0.0,0.0
Nepal,2021-05-03,0.0,0.0,0.9411764705882353,0.0,0.0
Nepal,2021-05-17,0.0,0.0,0.9666666666666667,0.0,0.0
Nepal,2021-05-31,0.0,0.0,1.0,0.0,0.0
Nepal,2021-06-14,0.02564102564102564,0.0,0.9743589743589743,0.0,0.0
Nepal,2021-06-28,0.0,0.0,1.0,0.0,0.0
Nepal,2021-07-12,0.0,0.0,1.0,0.0,0.0
Nepal,2021-07-26,0.0,0.0,1.0,0.0,0.0
Nepal,2021-08-09,0.0,0.0,1.0,0.0,0.0
Netherlands,2021-04-05,0.9222797927461139,0.030829015544041452,0.0,0.021761658031088083,0.005699481865284974
Netherlands,2021-04-19,0.9444752915047196,0.018600777345918935,0.00694058856191005,0.01776790671848973,0.002220988339811216
Netherlands,2021-05-03,0.9476359938993391,0.011184544992374174,0.00864260294865277,0.021352313167259787,0.0035587188612099642
Netherlands,2021-05-17,0.9544412607449857,0.006303724928366762,0.011174785100286532,0.02177650429799427,0.0020057306590257878
Netherlands,2021-05-31,0.9349949477938699,0.0020208824520040417,0.030313236780060628,0.023576961940047155,0.005052206130010104
Netherlands,2021-06-14,0.85426944971537,0.0003795066413662239,0.10853889943074004,0.0174573055028463,0.01062618595825427
Netherlands,2021-06-28,0.5979872881355932,0.0015889830508474577,0.3649364406779661,0.010063559322033898,0.010063559322033898
Netherlands,2021-07-12,0.16996929946971812,0.00027909572983533354,0.8160759140385152,0.0016745743790120011,0.0066982975160480044
Netherlands,2021-07-26,0.04107327141382869,0.0,0.9570691434468525,0.0014447884416924665,0.000412796697626419
Netherlands,2021-08-09,0.009418642416368951,0.0,0.9879831113998051,0.000974342318934719,0.0006495615459564793
New Zealand,2021-04-05,0.6896551724137931,0.10344827586206896,0.10344827586206896,0.0,0.06896551724137931
New Zealand,2021-04-19,0.6538461538461539,0.0,0.23076923076923078,0.038461538461538464,0.0
New Zealand,2021-05-03,0.8421052631578947,0.05263157894736842,0.0,0.0,0.10526315789473684
New Zealand,2021-05-17,0.2857142857142857,0.0,0.2857142857142857,0.14285714285714285,0.2857142857142857
New Zealand,2021-05-31,0.125,0.25,0.5,0.0,0.125
New Zealand,2021-06-14,0.21428571428571427,0.0,0.6428571428571429,0.07142857142857142,0.07142857142857142
New Zealand,2021-06-28,0.0625,0.25,0.6875,0.0,0.0
New Zealand,2021-07-12,0.16666666666666666,0.0,0.75,0.0,0.08333333333333333
New Zealand,2021-07-26,0.0,0.0,1.0,0.0,0.0
New Zealand,2021-08-09,0.0,0.0,1.0,0.0,0.0
Nigeria,2021-04-05,0.0,0.0,0.1111111111111111,0.0,0.3888888888888889
Nigeria,2021-04-19,0.0,0.0,0.0,0.0,0.42857142857142855
Nigeria,2021-05-03,0.043478260869565216,0.0,0.30434782608695654,0.0,0.4782608695652174
Nigeria,2021-05-17,0.0,0.0,0.125,0.0,0.625
Nigeria,2021-05-31,0.16666666666666666,0.0,0.16666666666666666,0.0,0.3333333333333333
Nigeria,2021-06-14,0.0,0.0,1.0,0.0,0.0
Nigeria,2021-06-28,0.0,0.0,0.8571428571428571,0.0,0.14285714285714285
Nigeria,2021-07-12,0.0,0.0,0.813953488372093,0.0,0.16279069767441862
Nigeria,2021-07-26,0.0,0.0,0.9680851063829787,0.0,0.031914893617021274
Nigeria,2021-08-09,0.010040160642570281,0.004016064257028112,0.9136546184738956,0.0,0.060240963855421686
North Macedonia,2021-04-05,0.9722222222222222,0.0,0.0,0.0,0.027777777777777776
North Macedonia,2021-04-19,0.9805825242718447,0.0,0.0,0.0,0.019417475728155338
North Macedonia,2021-05-03,0.9333333333333333,0.0,0.0,0.0,0.0
North Macedonia,2021-05-17,1.0,0.0,0.0,0.0,0.0
North Macedonia,2021-05-31,1.0,0.0,0.0,0.0,0.0
North Macedonia,2021-06-14,1.0,0.0,0.0,0.0,0.0
North Macedonia,2021-06-28,0.75,0.0,0.25,0.0,0.0
North Macedonia,2021-07-12,0.14285714285714285,0.0,0.8571428571428571,0.0,0.0
North Macedonia,2021-07-26,0.18181818181818182,0.0,0.8181818181818182,0.0,0.0
North Macedonia,2021-08-09,0.0,0.0,1.0,0.0,0.0
Norway,2021-04-05,0.9254518072289156,0.039909638554216864,0.0,0.0007530120481927711,0.016566265060240965
Norway,2021-04-19,0.9615592853275582,0.018949648077964266,0.0005414185165132648,0.0005414185165132648,0.01136978884677856
Norway,2021-05-03,0.9764207980652962,0.0048367593712212815,0.003022974607013301,0.0,0.009068923821039904
Norway,2021-05-17,0.9662493195427327,0.00326619488296135,0.02231899836690256,0.0,0.007076755579749592
Norway,2021-05-31,0.9569513055751588,0.0014114326040931546,0.035285815102328866,0.0,0.006351446718419196
Norway,2021-06-14,0.9109347442680776,0.0008818342151675485,0.08112874779541446,0.001763668430335097,0.005291005291005291
Norway,2021-06-28,0.7835550181378477,0.0012091898428053204,0.20435308343409916,0.0012091898428053204,0.009673518742442563
Norway,2021-07-12,0.42214532871972316,0.0011534025374855825,0.5674740484429066,0.0011534025374855825,0.006920415224913495
Norway,2021-07-26,0.13228699551569506,0.002242152466367713,0.852017937219731,0.002242152466367713,0.002242152466367713
Norway,2021-08-09,0.05454545454545454,0.0,0.9446969696969697,0.0007575757575757576,0.0
Oman,2021-04-05,0.8181818181818182,0.0,0.0,0.0,0.18181818181818182
Oman,2021-04-19,0.6666666666666666,0.05555555555555555,0.2222222222222222,0.0,0.05555555555555555
Oman,2021-05-03,0.8490566037735849,0.03773584905660377,0.09433962264150944,0.0,0.0
Oman,2021-05-17,0.5714285714285714,0.0,0.3333333333333333,0.0,0.047619047619047616
Oman,2021-05-31,0.5,0.0,0.3333333333333333,0.0,0.16666666666666666
Oman,2021-06-14,0.27906976744186046,0.0,0.7209302325581395,0.0,0.0
Oman,2021-06-28,0.11267605633802817,0.0,0.8873239436619719,0.0,0.0
Oman,2021-07-12,0.7142857142857143,0.0,0.14285714285714285,0.0,0.14285714285714285
Pakistan,2021-04-05,1.0,0.0,0.0,0.0,0.0
Pakistan,2021-04-19,0.9492753623188406,0.021739130434782608,0.007246376811594203,0.0,0.021739130434782608
Pakistan,2021-05-03,0.8867924528301887,0.07547169811320754,0.0,0.0,0.03773584905660377
Pakistan,2021-05-17,0.5,0.43333333333333335,0.03333333333333333,0.0,0.03333333333333333
Pakistan,2021-05-31,0.5125,0.25,0.175,0.0125,0.05
Pakistan,2021-06-14,0.6051282051282051,0.15384615384615385,0.2153846153846154,0.0,0.02564102564102564
Pakistan,2021-06-28,0.6666666666666666,0.16666666666666666,0.14814814814814814,0.0,0.0
Pakistan,2021-07-12,0.288135593220339,0.11864406779661017,0.5932203389830508,0.0,0.0
Pakistan,2021-07-26,0.1044776119402985,0.04477611940298507,0.8507462686567164,0.0,0.0
Pakistan,2021-08-09,0.008264462809917356,0.0,0.9917355371900827,0.0,0.0
Papua New Guinea,2021-04-05,0.0,0.0,0.0,0.0,0.9983277591973244
Papua New Guinea,2021-04-19,0.0,0.0,0.0,0.0,1.0
Papua New Guinea,2021-05-03,0.0,0.0,0.0,0.0,1.0
Papua New Guinea,2021-05-17,0.0,0.0,0.0,0.0,1.0
Papua New Guinea,2021-05-31,0.0,0.0,0.0,0.0,1.0
Papua New Guinea,2021-06-14,0.0,0.0,0.0,0.0,1.0
Papua New Guinea,2021-06-28,0.0,0.0,0.0,0.0,1.0
Papua New Guinea,2021-07-12,0.0,0.0,0.5625,0.0,0.4375
Papua New Guinea,2021-07-26,0.0,0.0,0.3684210526315789,0.0,0.631578947368421
Papua New Guinea,2021-08-09,0.0,0.0,0.8421052631578947,0.0,0.15789473684210525
Paraguay,2021-04-05,0.0,0.0,0.0,0.7142857142857143,0.2857142857142857
Paraguay,2021-04-19,0.06451612903225806,0.0,0.03225806451612903,0.6774193548387096,0.22580645161290322
Paraguay,2021-05-03,0.0,0.0,0.0,0.9,0.1
Paraguay,2021-05-17,0.038461538461538464,0.0,0.0,0.9615384615384616,0.0
Paraguay,2021-05-31,0.0,0.0,0.0,1.0,0.0
Paraguay,2021-06-14,0.0,0.0,0.0,1.0,0.0
Paraguay,2021-06-28,0.0,0.0,0.0,1.0,0.0
Paraguay,2021-07-12,0.0,0.0,0.1864406779661017,0.711864406779661,0.1016949152542373
Paraguay,2021-07-26,0.04,0.0,0.32,0.4,0.24
Paraguay,2021-08-09,0.0,0.0,0.71875,0.265625,0.015625
Peru,2021-04-05,0.03684210526315789,0.0,0.0,0.14210526315789473,0.13157894736842105
Peru,2021-04-19,0.017208413001912046,0.0,0.0,0.16443594646271512,0.05353728489483748
Peru,2021-05-03,0.0,0.0,0.0,0.14330218068535824,0.028037383177570093
Peru,2021-05-17,0.006153846153846154,0.0,0.009230769230769232,0.17846153846153845,0.024615384615384615
Peru,2021-05-31,0.0,0.0,0.0,0.23943661971830985,0.017605633802816902
Peru,2021-06-14,0.0,0.0,0.0037359900373599006,0.19676214196762143,0.012453300124533
Peru,2021-06-28,0.0,0.0,0.020161290322580645,0.21975806451612903,0.024193548387096774
Peru,2021-07-12,0.0,0.0,0.019271948608137045,0.3169164882226981,0.019271948608137045
Peru,2021-07-26,0.0,0.0,0.08703071672354949,0.32593856655290104,0.0034129692832764505
Peru,2021-08-09,0.0,0.0,0.19723865877712032,0.3530571992110454,0.007889546351084813
Philippines,2021-04-05,0.3661417322834646,0.5413385826771654,0.0,0.0,0.08759842519685039
Philippines,2021-04-19,0.3756476683937824,0.4896373056994819,0.010362694300518135,0.0,0.12176165803108809
Philippines,2021-05-03,0.41624365482233505,0.4796954314720812,0.007614213197969543,0.0,0.09644670050761421
Philippines,2021-05-17,0.43731778425655976,0.4868804664723032,0.03206997084548105,0.0,0.043731778425655975
Philippines,2021-05-31,0.45317220543806647,0.5105740181268882,0.006042296072507553,0.0,0.030211480362537766
Philippines,2021-06-14,0.45217391304347826,0.4973913043478261,0.0034782608695652175,0.0017391304347826088,0.043478260869565216
Philippines,2021-06-28,0.41866028708133973,0.4892344497607656,0.04784688995215311,0.0,0.04425837320574163
Philippines,2021-07-12,0.2595936794582393,0.3792325056433409,0.28442437923250563,0.0,0.07674943566591422
Philippines,2021-07-26,0.21903052064631956,0.22800718132854578,0.48473967684021546,0.0,0.06822262118491922
Philippines,2021-08-09,0.09857142857142857,0.08214285714285714,0.775,0.0,0.04428571428571428
Poland,2021-04-05,0.9722684414864116,0.0033277870216306157,0.0,0.0,0.014975041597337771
Poland,2021-04-19,0.985981308411215,0.0014378145219266715,0.0,0.002156721782890007,0.007548526240115025
Poland,2021-05-03,0.9855842185128983,0.0034142640364188165,0.006069802731411229,0.0011380880121396055,0.0030349013657056147
Poland,2021-05-17,0.9750778816199377,0.0035046728971962616,0.01674454828660436,0.0,0.003894080996884735
Poland,2021-05-31,0.968039336201598,0.0006146281499692685,0.022741241548862937,0.0043023970497848806,0.0018438844499078057
Poland,2021-06-14,0.92914653784219,0.004830917874396135,0.04186795491143317,0.00644122383252818,0.011272141706924315
Poland,2021-06-28,0.7333333333333333,0.0,0.20666666666666667,0.013333333333333334,0.04
Poland,2021-07-12,0.3387096774193548,0.010752688172043012,0.6021505376344086,0.010752688172043012,0.03763440860215054
Poland,2021-07-26,0.0823045267489712,0.0,0.8724279835390947,0.00411522633744856,0.012345679012345678
Poland,2021-08-09,0.021021021021021023,0.0,0.93993993993994,0.003003003003003003,0.03003003003003003
Portugal,2021-04-05,0.7714285714285715,0.1,0.0,0.1,0.014285714285714285
Portugal,2021-04-19,0.9104665825977302,0.013871374527112233,0.0006305170239596469,0.040983606557377046,0.014501891551071878
Portugal,2021-05-03,0.6428571428571429,0.07142857142857142,0.04081632653061224,0.1326530612244898,0.09183673469387756
Portugal,2021-05-17,0.8397737983034873,0.020735155513666354,0.05937794533459001,0.0235626767200754,0.029217719132893498
Portugal,2021-05-31,0.21818181818181817,0.00909090909090909,0.7,0.06363636363636363,0.00909090909090909
Portugal,2021-06-14,0.4170008019246191,0.0016038492381716118,0.5380914194065758,0.019246190858059342,0.007217321571772253
Portugal,2021-06-28,0.14444444444444443,0.003418803418803419,0.8333333333333334,0.010256410256410256,0.0017094017094017094
Portugal,2021-07-12,0.060954063604240286,0.0,0.9328621908127208,0.00265017667844523,0.0008833922261484099
Portugal,2021-07-26,0.0096,0.0008,0.9848,0.0024,0.0016
Portugal,2021-08-09,0.005235602094240838,0.0,0.9916230366492147,0.0020942408376963353,0.0
Qatar,2021-04-05,0.22535211267605634,0.7464788732394366,0.0,0.0,0.028169014084507043
Qatar,2021-04-19,0.09243697478991597,0.8151260504201681,0.03361344537815126,0.0,0.03361344537815126
Qatar,2021-05-03,0.09428571428571429,0.6085714285714285,0.1742857142857143,0.0,0.11428571428571428
Qatar,2021-05-17,0.10256410256410256,0.4358974358974359,0.2717948717948718,0.0,0.18974358974358974
Qatar,2021-05-31,0.1794871794871795,0.24358974358974358,0.3974358974358974,0.0,0.1794871794871795
Qatar,2021-06-14,0.08620689655172414,0.1724137931034483,0.7413793103448276,0.0,0.0
Qatar,2021-08-09,0.0,0.0,1.0,0.0,0.0
Romania,2021-04-05,0.8888888888888888,0.006734006734006734,0.04377104377104377,0.003367003367003367,0.020202020202020204
Romania,2021-04-19,0.9354838709677419,0.0,0.0,0.005376344086021506,0.03225806451612903
Romania,2021-05-03,0.9236641221374046,0.007633587786259542,0.022900763358778626,0.015267175572519083,0.030534351145038167
Romania,2021-05-17,0.8982035928143712,0.023952095808383235,0.059880239520958084,0.0,0.011976047904191617
Romania,2021-05-31,0.875,0.006578947368421052,0.07894736842105263,0.03289473684210526,0.0
Romania,2021-06-14,0.7563025210084033,0.0,0.19327731092436976,0.03361344537815126,0.008403361344537815
Romania,2021-06-28,0.6527777777777778,0.0,0.3194444444444444,0.027777777777777776,0.0
Romania,2021-07-12,0.3620689655172414,0.0,0.603448275862069,0.0,0.017241379310344827
Romania,2021-07-26,0.17525773195876287,0.0,0.8041237113402062,0.0,0.010309278350515464
Romania,2021-08-09,0.026717557251908396,0.0,0.9656488549618321,0.0,0.003816793893129771
Russia,2021-04-05,0.35454545454545455,0.013636363636363636,0.004545454545454545,0.0,0.6272727272727273
Russia,2021-04-19,0.1853035143769968,0.01597444089456869,0.012779552715654952,0.0,0.7795527156549521
Russia,2021-05-03,0.20447284345047922,0.012779552715654952,0.08306709265175719,0.0,0.6996805111821086
Russia,2021-05-17,0.16494845360824742,0.01718213058419244,0.3127147766323024,0.003436426116838488,0.5017182130584192
Russia,2021-05-31,0.0958904109589041,0.0,0.675146771037182,0.0,0.22896281800391388
Russia,2021-06-14,0.016592920353982302,0.00331858407079646,0.8949115044247787,0.0,0.08517699115044247
Russia,2021-06-28,0.014732965009208104,0.0,0.9558011049723757,0.0,0.029465930018416207
Russia,2021-07-12,0.0015037593984962407,0.0,0.9939849624060151,0.0,0.004511278195488722
Russia,2021-07-26,0.0,0.0,0.9532710280373832,0.0,0.04672897196261682
Russia,2021-08-09,0.00390625,0.0,0.94140625,0.0,0.0546875
Rwanda,2021-04-05,0.0,0.14285714285714285,0.047619047619047616,0.0,0.8095238095238095
Rwanda,2021-04-19,0.0,0.16666666666666666,0.16666666666666666,0.0,0.6666666666666666
Rwanda,2021-05-03,0.4,0.0,0.0,0.0,0.6
Rwanda,2021-05-17,0.0,0.125,0.125,0.0,0.75
Rwanda,2021-05-31,0.5,0.5,0.0,0.0,0.0
Rwanda,2021-06-14,0.0,0.0,0.6666666666666666,0.0,0.3333333333333333
Rwanda,2021-06-28,0.008403361344537815,0.1092436974789916,0.8151260504201681,0.0,0.06722689075630252
Rwanda,2021-07-12,0.01694915254237288,0.1016949152542373,0.847457627118644,0.0,0.03389830508474576
Rwanda,2021-07-26,0.047619047619047616,0.0,0.9047619047619048,0.0,0.047619047619047616
Rwanda,2021-08-09,0.03571428571428571,0.0,0.9642857142857143,0.0,0.0
Senegal,2021-04-05,0.5882352941176471,0.0,0.23529411764705882,0.0,0.17647058823529413
Senegal,2021-04-19,0.2,0.0,0.4,0.0,0.4
Senegal,2021-05-03,1.0,0.0,0.0,0.0,0.0
Senegal,2021-05-17,0.0,0.0,0.3333333333333333,0.0,0.3333333333333333
Senegal,2021-05-31,0.0,0.0,0.6666666666666666,0.0,0.3333333333333333
Senegal,2021-06-14,0.06,0.0,0.5,0.0,0.28
Senegal,2021-06-28,0.0,0.0,1.0,0.0,0.0
Senegal,2021-07-12,0.0,0.0,1.0,0.0,0.0
Senegal,2021-07-26,0.0,0.0,0.9361702127659575,0.0,0.06382978723404255
Senegal,2021-08-09,0.0,0.0,0.7674418604651163,0.0,0.23255813953488372
Serbia,2021-04-05,1.0,0.0,0.0,0.0,0.0
Serbia,2021-04-19,1.0,0.0,0.0,0.0,0.0
Serbia,2021-05-03,0.9285714285714286,0.0,0.0,0.0,0.07142857142857142
Serbia,2021-05-17,1.0,0.0,0.0,0.0,0.0
Serbia,2021-05-31,1.0,0.0,0.0,0.0,0.0
Serbia,2021-06-14,1.0,0.0,0.0,0.0,0.0
Serbia,2021-06-28,0.0,0.0,1.0,0.0,0.0
Serbia,2021-07-12,0.13333333333333333,0.0,0.8666666666666667,0.0,0.0
Serbia,2021-07-26,0.06666666666666667,0.0,0.9333333333333333,0.0,0.0
Serbia,2021-08-09,0.0,0.0,1.0,0.0,0.0
Seychelles,2021-04-19,0.0,1.0,0.0,0.0,0.0
Seychelles,2021-05-03,0.0,0.6666666666666666,0.0,0.0,0.0
Seychelles,2021-05-17,0.5,0.0,0.5,0.0,0.0
Seychelles,2021-05-31,0.09090909090909091,0.5,0.38636363636363635,0.0,0.022727272727272728
Seychelles,2021-06-14,0.018518518518518517,0.018518518518518517,0.9629629629629629,0.0,0.0
Seychelles,2021-06-28,0.0,0.0,1.0,0.0,0.0
Seychelles,2021-07-12,0.0,0.0,1.0,0.0,0.0
Seychelles,2021-07-26,0.0,0.0,1.0,0.0,0.0
Seychelles,2021-08-09,0.0,0.0,1.0,0.0,0.0
Singapore,2021-04-05,0.2621951219512195,0.45121951219512196,0.012195121951219513,0.006097560975609756,0.1402439024390244
Singapore,2021-04-19,0.18617021276595744,0.30319148936170215,0.16489361702127658,0.02127659574468085,0.1702127659574468
Singapore,2021-05-03,0.10471204188481675,0.09424083769633508,0.6492146596858639,0.005235602094240838,0.06282722513089005
Singapore,2021-05-17,0.031818181818181815,0.05909090909090909,0.8409090909090909,0.0,0.05454545454545454
Singapore,2021-05-31,0.00909090909090909,0.03636363636363636,0.9030303030303031,0.0,0.051515151515151514
Singapore,2021-06-14,0.011235955056179775,0.011235955056179775,0.949438202247191,0.011235955056179775,0.016853932584269662
Singapore,2021-06-28,0.004608294930875576,0.013824884792626729,0.9631336405529954,0.0,0.018433179723502304
Singapore,2021-07-12,0.02666666666666667,0.013333333333333334,0.9333333333333333,0.0,0.02666666666666667
Singapore,2021-07-26,0.0,0.0,0.9988038277511961,0.0,0.0011961722488038277
Singapore,2021-08-09,0.0,0.0,1.0,0.0,0.0
Sint Maarten (Dutch part),2021-04-05,0.9,0.025,0.0,0.0,0.0
Sint Maarten (Dutch part),2021-04-19,1.0,0.0,0.0,0.0,0.0
Sint Maarten (Dutch part),2021-05-03,0.8484848484848485,0.0,0.030303030303030304,0.0,0.09090909090909091
Sint Maarten (Dutch part),2021-05-17,0.7857142857142857,0.0,0.03571428571428571,0.0,0.07142857142857142
Sint Maarten (Dutch part),2021-05-31,0.918918918918919,0.0,0.0,0.0,0.0
Sint Maarten (Dutch part),2021-06-14,1.0,0.0,0.0,0.0,0.0
Sint Maarten (Dutch part),2021-06-28,0.9852941176470589,0.0,0.0,0.0,0.0
Sint Maarten (Dutch part),2021-07-12,0.8717948717948718,0.0,0.1282051282051282,0.0,0.0
Sint Maarten (Dutch part),2021-07-26,0.3880597014925373,0.0,0.5970149253731343,0.014925373134328358,0.0
Sint Maarten (Dutch part),2021-08-09,0.047619047619047616,0.0,0.9455782312925171,0.0,0.0
Slovakia,2021-04-05,0.9787878787878788,0.0,0.0015151515151515152,0.0,0.015151515151515152
Slovakia,2021-04-19,0.9431818181818182,0.00974025974025974,0.04220779220779221,0.0,0.0016233766233766235
Slovakia,2021-05-03,0.9881305637982196,0.008902077151335312,0.0,0.0,0.0
Slovakia,2021-05-17,0.9970414201183432,0.0,0.0029585798816568047,0.0,0.0
Slovakia,2021-05-31,0.9884225759768451,0.002894356005788712,0.0,0.0,0.004341534008683068
Slovakia,2021-06-14,0.8821548821548821,0.003367003367003367,0.10942760942760943,0.0,0.005050505050505051
Slovakia,2021-06-28,0.8674698795180723,0.004016064257028112,0.11646586345381527,0.0,0.012048192771084338
Slovakia,2021-07-12,0.3347107438016529,0.0,0.6570247933884298,0.0,0.008264462809917356
Slovakia,2021-07-26,0.07380073800738007,0.0,0.9188191881918819,0.0,0.0036900369003690036
Slovakia,2021-08-09,0.010752688172043012,0.0,0.989247311827957,0.0,0.0
Slovenia,2021-04-05,0.7077294685990339,0.0,0.0006038647342995169,0.0,0.028985507246376812
Slovenia,2021-04-19,0.8411534701857283,0.0004887585532746823,0.0,0.0,0.012218963831867057
Slovenia,2021-05-03,0.9039919151086407,0.0,0.0015159171298635675,0.0005053057099545225,0.010611419909044972
Slovenia,2021-05-17,0.9479084451460142,0.0,0.0015785319652722968,0.0015785319652722968,0.0055248618784530384
Slovenia,2021-05-31,0.9713876967095851,0.0,0.005722460658082976,0.001430615164520744,0.00715307582260372
Slovenia,2021-06-14,0.9696048632218845,0.0,0.02127659574468085,0.00303951367781155,0.0060790273556231
Slovenia,2021-06-28,0.6701298701298701,0.0,0.2779220779220779,0.0,0.04155844155844156
Slovenia,2021-07-12,0.26582278481012656,0.0,0.6983122362869199,0.006329113924050633,0.029535864978902954
Slovenia,2021-07-26,0.029372496662216287,0.0,0.9639519359145527,0.0,0.006675567423230975
Slovenia,2021-08-09,0.009694258016405667,0.0,0.9880686055182699,0.0,0.0022371364653243847
South Africa,2021-04-05,0.021604938271604937,0.8518518518518519,0.06481481481481481,0.0,0.06172839506172839
South Africa,2021-04-19,0.012,0.88,0.032,0.0,0.072
South Africa,2021-05-03,0.046153846153846156,0.8487179487179487,0.017948717948717947,0.0,0.08461538461538462
South Africa,2021-05-17,0.045871559633027525,0.7431192660550459,0.08440366972477065,0.0,0.11559633027522936
South Africa,2021-05-31,0.07120743034055728,0.631578947368421,0.20588235294117646,0.0,0.08513931888544891
South Africa,2021-06-14,0.05086285195277021,0.3932788374205268,0.45231607629427795,0.0,0.09445958219800181
South Africa,2021-06-28,0.030102347983142687,0.11258278145695365,0.7808549066827213,0.0,0.07585791691751957
South Africa,2021-07-12,0.0071877807726864335,0.04537286612758311,0.8890386343216532,0.0,0.057951482479784364
South Africa,2021-07-26,0.002999400119976005,0.014397120575884824,0.943011397720456,0.0,0.038992201559688064
South Africa,2021-08-09,0.0012492192379762648,0.008744534665833853,0.9519050593379138,0.0,0.037476577139287946
South Korea,2021-04-05,0.19753086419753085,0.018518518518518517,0.0,0.0030864197530864196,0.7160493827160493
South Korea,2021-04-19,0.19117647058823528,0.014705882352941176,0.0,0.0,0.7034313725490197
South Korea,2021-05-03,0.32075471698113206,0.016981132075471698,0.016981132075471698,0.0,0.5075471698113208
South Korea,2021-05-17,0.3273542600896861,0.004484304932735426,0.08071748878923767,0.0,0.3632286995515695
South Korea,2021-05-31,0.06190476190476191,0.0,0.05714285714285714,0.0,0.48095238095238096
South Korea,2021-06-14,0.07188160676532769,0.0021141649048625794,0.048625792811839326,0.0021141649048625794,0.7251585623678647
South Korea,2021-06-28,0.15478260869565216,0.0,0.27304347826086955,0.006956521739130435,0.4852173913043478
South Korea,2021-07-12,0.08251748251748252,0.004195804195804196,0.5104895104895105,0.002797202797202797,0.3706293706293706
South Korea,2021-07-26,0.03954802259887006,0.0009416195856873823,0.6713747645951036,0.002824858757062147,0.24858757062146894
South Korea,2021-08-09,0.019791666666666666,0.0010416666666666667,0.8552083333333333,0.0,0.10208333333333333
Spain,2021-04-05,0.8457675753228121,0.01721664275466284,0.0003586800573888092,0.03012912482065997,0.04375896700143472
Spain,2021-04-19,0.8397024010821779,0.016909029421711193,0.0,0.059519783564423404,0.032803517078119716
Spain,2021-05-03,0.8312611012433393,0.02486678507992895,0.009236234458259326,0.0660746003552398,0.01349911190053286
Spain,2021-05-17,0.859024244238252,0.013768332834480694,0.02304699191858725,0.04310086800359174,0.017360071834780007
Spain,2021-05-31,0.7684653654802909,0.016838882510524303,0.08075009567546881,0.046689628779181015,0.024492920015308076
Spain,2021-06-14,0.6994722135982614,0.012418503570319777,0.1440546414157094,0.035703197764669355,0.04222291213908724
Spain,2021-06-28,0.44866666666666666,0.03966666666666667,0.38066666666666665,0.043666666666666666,0.035666666666666666
Spain,2021-07-12,0.20978787372640723,0.12209787873726408,0.6235176215132787,0.012694170703190245,0.00768331384666778
Spain,2021-07-26,0.08753315649867374,0.051534672224327394,0.8309965896172793,0.0060629026146267525,0.004357711254262978
Spain,2021-08-09,0.029324424647364514,0.01429101707498144,0.9380103934669636,0.0038975501113585748,0.003526354862657758
Sri Lanka,2021-04-05,0.16666666666666666,0.16666666666666666,0.0,0.0,0.6666666666666666
Sri Lanka,2021-04-19,0.375,0.0,0.125,0.0,0.5
Sri Lanka,2021-05-03,0.9090909090909091,0.0,0.0,0.0,0.09090909090909091
Sri Lanka,2021-05-17,0.9090909090909091,0.0,0.0,0.0,0.09090909090909091
Sri Lanka,2021-05-31,0.8837209302325582,0.0,0.06976744186046512,0.0,0.046511627906976744
Sri Lanka,2021-06-14,0.8852459016393442,0.0,0.09836065573770492,0.0,0.01639344262295082
Sri Lanka,2021-06-28,0.8591549295774648,0.007042253521126761,0.09154929577464789,0.0,0.04225352112676056
Sri Lanka,2021-07-12,0.5774647887323944,0.014084507042253521,0.39436619718309857,0.0,0.014084507042253521
Sri Lanka,2021-07-26,0.524390243902439,0.0,0.4634146341463415,0.0,0.012195121951219513
Sri Lanka,2021-08-09,0.11016949152542373,0.0,0.8813559322033898,0.0,0.00847457627118644
Suriname,2021-04-05,0.21052631578947367,0.05263157894736842,0.0,0.45614035087719296,0.2807017543859649
Suriname,2021-04-19,0.1836734693877551,0.0,0.0,0.5714285714285714,0.24489795918367346
Suriname,2021-05-03,0.17391304347826086,0.0,0.0,0.6521739130434783,0.17391304347826086
Suriname,2021-05-17,0.18604651162790697,0.0,0.0,0.7441860465116279,0.06976744186046512
Suriname,2021-05-31,0.03773584905660377,0.0,0.0,0.9245283018867925,0.03773584905660377
Suriname,2021-06-14,0.0,0.0,0.0,0.9459459459459459,0.05405405405405406
Suriname,2021-06-28,0.0,0.0,0.0,0.96,0.04
Suriname,2021-07-12,0.05128205128205128,0.0,0.0,0.8717948717948718,0.07692307692307693
Suriname,2021-07-26,0.05714285714285714,0.0,0.05714285714285714,0.8285714285714286,0.05714285714285714
Suriname,2021-08-09,0.04,0.0,0.16,0.78,0.02
Sweden,2021-04-05,0.9076700434153401,0.055185721177038106,0.0001929570670525808,0.0015436565364206464,0.010709117221418235
Sweden,2021-04-19,0.9441747572815534,0.028451995685005393,0.0010787486515641855,0.0010787486515641855,0.007955771305285868
Sweden,2021-05-03,0.9530002955956252,0.02364765001477978,0.0022169671888856044,0.0004433934377771209,0.00812887969258055
Sweden,2021-05-17,0.9677831393698553,0.018875957990349135,0.004541583877377235,0.0019869429463525404,0.005676979846721544
Sweden,2021-05-31,0.9489369779802581,0.01917236142748671,0.020311313591495826,0.003416856492027335,0.00721336370539104
Sweden,2021-06-14,0.7719298245614035,0.0041279669762641896,0.20614035087719298,0.007997936016511867,0.009029927760577915
Sweden,2021-06-28,0.6127966356263143,0.0045058576148993695,0.36467407629918897,0.00871132472213878,0.00871132472213878
Sweden,2021-07-12,0.2871242709735307,0.001794526693584567,0.6944818304172274,0.0022431583669807087,0.01301031852848811
Sweden,2021-07-26,0.04586063132817153,0.0002977963073257892,0.946396664681358,0.0023823704586063135,0.004169148302561048
Sweden,2021-08-09,0.007415485278080698,0.0008724100327153762,0.9914940021810251,0.0,0.00021810250817884405
Switzerland,2021-04-05,0.9282030940103134,0.00753669178897263,0.0,0.002776675922253074,0.04006346687822293
Switzerland,2021-04-19,0.933125,0.0134375,0.0025,0.0025,0.035625
Switzerland,2021-05-03,0.920426375805652,0.012146752602875557,0.008180466038671294,0.00917203767972236,0.03941497273177987
Switzerland,2021-05-17,0.916030534351145,0.009368494101318528,0.009021512838306732,0.015614156835530881,0.037820957668285915
Switzerland,2021-05-31,0.8891402714932126,0.008597285067873304,0.025791855203619908,0.024886877828054297,0.04208144796380091
Switzerland,2021-06-14,0.8077617328519856,0.007220216606498195,0.11281588447653429,0.01895306859205776,0.03429602888086643
Switzerland,2021-06-28,0.6096033402922756,0.016701461377870562,0.2839248434237996,0.029227557411273485,0.027139874739039668
Switzerland,2021-07-12,0.1526479750778816,0.0010384215991692627,0.7902388369678089,0.014537902388369679,0.021806853582554516
Switzerland,2021-07-26,0.022169167803547066,0.0,0.9597544338335607,0.0047748976807639835,0.006480218281036835
Switzerland,2021-08-09,0.007787151200519144,0.00043261951113995244,0.9742591390871729,0.001946787800129786,0.012978585334198572
Thailand,2021-04-05,0.6896551724137931,0.034482758620689655,0.0,0.0,0.27586206896551724
Thailand,2021-04-19,0.8992248062015504,0.007751937984496124,0.015503875968992248,0.007751937984496124,0.06976744186046512
Thailand,2021-05-03,0.9595959595959596,0.0,0.010101010101010102,0.0,0.020202020202020204
Thailand,2021-05-17,0.8370118845500849,0.04074702886247878,0.100169779286927,0.0,0.022071307300509338
Thailand,2021-05-31,0.8368678629690048,0.01631321370309951,0.11092985318107668,0.0,0.03588907014681892
Thailand,2021-06-14,0.7445255474452555,0.0036496350364963502,0.2518248175182482,0.0,0.0
Thailand,2021-06-28,0.48081841432225064,0.03324808184143223,0.48081841432225064,0.0,0.005115089514066497
Thailand,2021-07-12,0.27403846153846156,0.014423076923076924,0.7115384615384616,0.0,0.0
Thailand,2021-07-26,0.30847457627118646,0.025423728813559324,0.6627118644067796,0.0,0.003389830508474576
Thailand,2021-08-09,0.1912751677852349,0.003355704697986577,0.802013422818792,0.0,0.003355704697986577
Togo,2021-04-05,0.125,0.125,0.0,0.0,0.25
Togo,2021-04-19,0.0,0.0,0.07142857142857142,0.0,0.2857142857142857
Togo,2021-05-03,0.25,0.0,0.125,0.0,0.25
Togo,2021-06-14,0.0,0.0,0.6,0.0,0.36
Togo,2021-06-28,0.0,0.0,0.7407407407407407,0.0,0.18518518518518517
Togo,2021-07-12,0.0,0.0,0.875,0.0,0.125
Togo,2021-07-26,0.0,0.0,0.9583333333333334,0.0,0.041666666666666664
Togo,2021-08-09,0.0,0.0,1.0,0.0,0.0
Trinidad and Tobago,2021-04-05,0.625,0.0,0.0,0.0,0.375
Trinidad and Tobago,2021-04-19,0.014285714285714285,0.0,0.0,0.07142857142857142,0.9142857142857143
Trinidad and Tobago,2021-05-03,0.0,0.0,0.0,0.5532994923857868,0.4467005076142132
Trinidad and Tobago,2021-05-17,0.014084507042253521,0.0,0.0,0.8802816901408451,0.1056338028169014
Trinidad and Tobago,2021-05-31,0.0,0.0,0.0,0.9642857142857143,0.03571428571428571
Trinidad and Tobago,2021-06-14,0.0,0.0,0.0,1.0,0.0
Trinidad and Tobago,2021-06-28,0.0,0.0,0.0,1.0,0.0
Trinidad and Tobago,2021-07-12,0.0,0.0,0.0,1.0,0.0
Trinidad and Tobago,2021-07-26,0.0,0.0,0.0,1.0,0.0
Trinidad and Tobago,2021-08-09,0.0,0.0,0.04,0.88,0.08
Turkey,2021-04-05,0.015272727272727273,0.12509090909090909,0.0,0.008727272727272728,0.8341818181818181
Turkey,2021-04-19,0.42857142857142855,0.38095238095238093,0.0,0.0,0.19047619047619047
Turkey,2021-05-03,0.013888888888888888,0.006944444444444444,0.0,0.0,0.9513888888888888
Turkey,2021-05-17,0.02054794520547945,0.010273972602739725,0.003424657534246575,0.0,0.9657534246575342
Turkey,2021-05-31,0.04827586206896552,0.006896551724137931,0.020689655172413793,0.0034482758620689655,0.903448275862069
Turkey,2021-06-14,0.35185185185185186,0.04814814814814815,0.18518518518518517,0.08888888888888889,0.31851851851851853
Turkey,2021-06-28,0.020122484689413824,0.02974628171478565,0.5039370078740157,0.028871391076115485,0.4041994750656168
Turkey,2021-07-12,0.0009869232667160128,0.0002467308166790032,0.9634838391315075,0.0017271157167530224,0.033308660251665435
Turkey,2021-07-26,0.003968253968253968,0.0007936507936507937,0.326984126984127,0.004761904761904762,0.6619047619047619
Turkey,2021-08-09,0.07370197717408777,0.0036167818678669024,0.46182285806140494,0.0036167818678669024,0.4557145153512297
Uganda,2021-04-05,0.4230769230769231,0.2692307692307692,0.0,0.0,0.2692307692307692
Uganda,2021-04-19,0.058823529411764705,0.0,0.0,0.0,0.7058823529411765
Uganda,2021-05-03,0.0,0.0,0.36363636363636365,0.0,0.36363636363636365
Uganda,2021-05-17,0.23529411764705882,0.0,0.0,0.0,0.11764705882352941
Uganda,2021-05-31,0.0,0.0,1.0,0.0,0.0
Uganda,2021-06-14,0.0,0.005813953488372093,0.9534883720930233,0.0,0.029069767441860465
Uganda,2021-06-28,0.008771929824561403,0.008771929824561403,0.9298245614035088,0.0,0.05263157894736842
Uganda,2021-07-12,0.0,0.0,1.0,0.0,0.0
Uganda,2021-07-26,0.0,0.0,0.9333333333333333,0.0,0.06666666666666667
Uganda,2021-08-09,0.0,0.0,0.9411764705882353,0.0,0.058823529411764705
Ukraine,2021-04-05,0.5,0.0,0.0,0.0,0.5
Ukraine,2021-05-17,0.75,0.0,0.0,0.0,0.25
Ukraine,2021-05-31,0.9523809523809523,0.0,0.047619047619047616,0.0,0.0
Ukraine,2021-06-14,1.0,0.0,0.0,0.0,0.0
Ukraine,2021-06-28,0.4883720930232558,0.0,0.4418604651162791,0.0,0.06976744186046512
Ukraine,2021-07-12,0.0,0.0,0.9696969696969697,0.0,0.030303030303030304
Ukraine,2021-07-26,0.125,0.0,0.875,0.0,0.0
United Arab Emirates,2021-05-03,0.0,1.0,0.0,0.0,0.0
United Arab Emirates,2021-06-14,0.0,0.0,1.0,0.0,0.0
United Arab Emirates,2021-06-28,0.0,0.0,1.0,0.0,0.0
United Kingdom,2021-04-05,0.9819364405351666,0.004549590536851683,0.0010110201193003741,0.0005055100596501871,0.00626832473966232
United Kingdom,2021-04-19,0.9523510183555444,0.007920543122957003,0.016155393512698013,0.002263012320844858,0.009554940910233845
United Kingdom,2021-05-03,0.8744658493870403,0.007705779334500876,0.09155866900175132,0.00287215411558669,0.008966725043782837
United Kingdom,2021-05-17,0.6404619451787951,0.004243773479894254,0.33602337553916795,0.0020175316543759566,0.012035619869208293
United Kingdom,2021-05-31,0.25961215580926794,0.0011333109469442578,0.7324966420416387,0.000881464069845534,0.00398757555406313
United Kingdom,2021-06-14,0.09416619771149878,0.0007503282686175201,0.9021089583835785,0.0004019615724736715,0.0023849719966771176
United Kingdom,2021-06-28,0.01675797615211086,0.00013811518806684775,0.980940104046775,9.207679204456517e-05,0.0017724782468578795
United Kingdom,2021-07-12,0.006163163519771998,0.0,0.9925543284645529,7.125044531528322e-05,0.00040969006056287854
United Kingdom,2021-07-26,0.0022900896806111568,8.74080030767617e-05,0.9965386430781602,0.0002097792073842281,0.0002971872104609898
United Kingdom,2021-08-09,0.0021696007934540046,7.74857426233573e-05,0.9972415075626084,0.00010848003967270023,0.00018596578229605754
United States,2021-04-05,0.5184991729781492,0.0075157424334755234,0.0006093845216331506,0.03020806128667189,0.17461768375845158
United States,2021-04-19,0.6123513198082988,0.00839313650021107,0.0030791388343969607,0.05290407489260262,0.11115939509820963
United States,2021-05-03,0.6558118498417006,0.00812652281116412,0.012167899505405524,0.07685910622838885,0.0773405698778833
United States,2021-05-17,0.6658953018046049,0.007642345986309894,0.024268823895457373,0.09583074051026758,0.06988954573739888
United States,2021-05-31,0.6259122194168713,0.006848130598692629,0.06547227890568257,0.11309791443295404,0.07311589942240515
United States,2021-06-14,0.48617068480993936,0.002662328057979589,0.23216486713010895,0.1137898732929054,0.06892471527880491
United States,2021-06-28,0.28930958682876495,0.000762639630344085,0.5072899376429949,0.08559508321744201,0.05145574447086268
United States,2021-07-12,0.10084823106243625,0.0004563268373865894,0.794250281848929,0.04077414505824878,0.026762226874966447
United States,2021-07-26,0.027072121234930312,0.00017563007288648024,0.9292461706371609,0.014464391002722267,0.01144104474803357
United States,2021-08-09,0.007710200451529041,3.420674557022645e-05,0.9733871519463638,0.005767257303140179,0.006519805705685161
Uruguay,2021-04-05,0.0,0.0,0.0,0.4857142857142857,0.45714285714285713
Uruguay,2021-04-19,0.0,0.0,0.0,0.5298507462686567,0.44776119402985076
Uruguay,2021-05-03,0.0,0.0,0.0,0.0,1.0
Vietnam,2021-05-03,0.4,0.0,0.6,0.0,0.0
Vietnam,2021-05-17,0.034482758620689655,0.0,0.9655172413793104,0.0,0.0
Vietnam,2021-05-31,0.038461538461538464,0.0,0.9615384615384616,0.0,0.0
Vietnam,2021-06-14,0.0,0.0,1.0,0.0,0.0
Vietnam,2021-06-28,0.0,0.0,1.0,0.0,0.0
Vietnam,2021-07-26,0.0,0.0,1.0,0.0,0.0
Vietnam,2021-08-09,0.0,0.0,1.0,0.0,0.0
Zambia,2021-04-05,0.1111111111111111,0.7777777777777778,0.1111111111111111,0.0,0.0
Zambia,2021-04-19,0.0,0.5,0.0,0.0,0.5
Zambia,2021-05-03,0.0,0.6666666666666666,0.0,0.0,0.16666666666666666
Zambia,2021-05-31,0.0,0.0,1.0,0.0,0.0
Zambia,2021-06-14,0.010638297872340425,0.010638297872340425,0.9787234042553191,0.0,0.0
Zambia,2021-06-28,0.0,0.0,1.0,0.0,0.0
Zambia,2021-07-12,0.0,0.0,1.0,0.0,0.0
Zambia,2021-07-26,0.0,0.0,1.0,0.0,0.0
Zambia,2021-08-09,0.0,0.0,1.0,0.0,0.0
Zimbabwe,2021-06-28,0.0,0.3333333333333333,0.6666666666666666,0.0,0.0
Zimbabwe,2021-07-12,0.0,0.0,1.0,0.0,0.0
Zimbabwe,2021-07-26,0.0,0.0,1.0,0.0,0.0
Zimbabwe,2021-08-09,0.0,0.0,0.9444444444444444,0.0,0.05555555555555555
